"ファイル名","WAVE0009.CSV","V 1.11"
"タイトルコメント","試験122205"
"トリガ時刻","25-05-16 14:03:22"
"CH","Mode","Range","Comment","Scaling","Ratio","Offset"
"CH-3","電圧","1V","REC","OFF","-","-"
"CH-10","電圧","10V","PULSE","OFF","-","-"
"Time","CH-3[V]","CH-10[V]","Event",
 0.000000000E+00, 5.96500E-02, 4.93100E+00,0,
 5.000000000E-02, 5.50000E-04, 4.93100E+00,0,
 1.000000000E-01, 8.90000E-02, 4.93100E+00,0,
 1.500000000E-01, 1.33600E-01, 4.93100E+00,0,
 2.000000000E-01, 1.63000E-01, 4.93100E+00,0,
 2.500000000E-01, 1.93300E-01, 4.93100E+00,0,
 3.000000000E-01, 2.16450E-01, 4.93100E+00,0,
 3.500000000E-01, 2.41850E-01, 4.93100E+00,0,
 4.000000000E-01, 2.77200E-01, 4.93050E+00,0,
 4.500000000E-01, 2.81050E-01, 4.93100E+00,0,
 5.000000000E-01, 2.73450E-01, 4.93100E+00,0,
 5.500000000E-01, 2.38050E-01, 4.93100E+00,0,
 6.000000000E-01, 2.26300E-01, 4.93100E+00,0,
 6.500000000E-01, 2.22950E-01, 4.93100E+00,0,
 7.000000000E-01, 2.18750E-01, 4.93100E+00,0,
 7.500000000E-01, 2.06150E-01, 4.93100E+00,0,
 8.000000000E-01, 2.11200E-01, 4.93050E+00,0,
 8.500000000E-01, 1.70000E-01, 4.93100E+00,0,
 9.000000000E-01, 2.01150E-01, 4.93100E+00,0,
 9.500000000E-01, 1.70750E-01, 5.50000E-03,0,
 1.000000000E+00, 1.96450E-01, 6.00000E-03,0,
 1.050000000E+00, 2.21150E-01, 6.00000E-03,0,
 1.100000000E+00, 2.12600E-01, 6.00000E-03,0,
 1.150000000E+00, 2.05450E-01, 6.00000E-03,0,
 1.200000000E+00, 1.83050E-01, 6.00000E-03,0,
 1.250000000E+00, 1.40750E-01, 6.00000E-03,0,
 1.300000000E+00, 1.96150E-01, 6.00000E-03,0,
 1.350000000E+00, 2.07750E-01, 6.00000E-03,0,
 1.400000000E+00, 1.80050E-01, 6.00000E-03,0,
 1.450000000E+00, 2.08350E-01, 6.00000E-03,0,
 1.500000000E+00, 1.80150E-01, 6.00000E-03,0,
 1.550000000E+00, 2.29450E-01, 6.00000E-03,0,
 1.600000000E+00, 2.38300E-01, 6.00000E-03,0,
 1.650000000E+00, 2.73050E-01, 6.00000E-03,0,
 1.700000000E+00, 2.68200E-01, 6.00000E-03,0,
 1.750000000E+00, 2.92100E-01, 6.00000E-03,0,
 1.800000000E+00, 3.19250E-01, 6.00000E-03,0,
 1.850000000E+00, 3.20300E-01, 4.93100E+00,0,
 1.900000000E+00, 3.40000E-01, 4.93100E+00,0,
 1.950000000E+00, 3.36750E-01, 4.93100E+00,0,
 2.000000000E+00, 3.49850E-01, 4.93100E+00,0,
 2.050000000E+00, 3.60600E-01, 4.93100E+00,0,
 2.100000000E+00, 3.36300E-01, 6.00000E-03,0,
 2.150000000E+00, 3.79200E-01, 6.00000E-03,0,
 2.200000000E+00, 3.69150E-01, 6.00000E-03,0,
 2.250000000E+00, 3.75550E-01, 6.00000E-03,0,
 2.300000000E+00, 3.80600E-01, 6.00000E-03,0,
 2.350000000E+00, 3.78000E-01, 6.00000E-03,0,
 2.400000000E+00, 3.79150E-01, 6.00000E-03,0,
 2.450000000E+00, 3.97000E-01, 6.00000E-03,0,
 2.500000000E+00, 3.85500E-01, 6.00000E-03,0,
 2.550000000E+00, 3.63250E-01, 4.93100E+00,0,
 2.600000000E+00, 3.69250E-01, 4.93100E+00,0,
 2.650000000E+00, 3.66250E-01, 4.93100E+00,0,
 2.700000000E+00, 3.60400E-01, 4.93100E+00,0,
 2.750000000E+00, 3.57200E-01, 1.28250E+00,0,
 2.800000000E+00, 3.52850E-01, 5.50000E-03,0,
 2.850000000E+00, 3.46000E-01, 6.00000E-03,0,
 2.900000000E+00, 3.38450E-01, 6.00000E-03,0,
 2.950000000E+00, 3.37850E-01, 6.00000E-03,0,
 3.000000000E+00, 3.18800E-01, 5.50000E-03,0,
 3.050000000E+00, 3.05900E-01, 5.50000E-03,0,
 3.100000000E+00, 3.00500E-01, 6.00000E-03,0,
 3.150000000E+00, 2.86900E-01, 6.00000E-03,0,
 3.200000000E+00, 2.31400E-01, 4.93100E+00,0,
 3.250000000E+00, 2.28200E-01, 4.93100E+00,0,
 3.300000000E+00, 1.01950E-01, 4.93100E+00,0,
 3.350000000E+00, 2.80000E-02, 4.93100E+00,0,
 3.400000000E+00, 1.61600E-01, 6.00000E-03,0,
 3.450000000E+00, 2.60050E-01, 5.50000E-03,0,
 3.500000000E+00, 3.05600E-01, 5.50000E-03,0,
 3.550000000E+00, 3.45150E-01, 6.00000E-03,0,
 3.600000000E+00, 3.70650E-01, 6.00000E-03,0,
 3.650000000E+00, 3.75550E-01, 6.00000E-03,0,
 3.700000000E+00, 3.86350E-01, 6.00000E-03,0,
 3.750000000E+00, 4.00000E-01, 4.93050E+00,0,
 3.800000000E+00, 3.92600E-01, 4.93050E+00,0,
 3.850000000E+00, 3.94500E-01, 4.93100E+00,0,
 3.900000000E+00, 3.97700E-01, 4.93100E+00,0,
 3.950000000E+00, 4.04200E-01, 6.00000E-03,0,
 4.000000000E+00, 4.07050E-01, 6.00000E-03,0,
 4.050000000E+00, 4.10350E-01, 6.00000E-03,0,
 4.100000000E+00, 4.06750E-01, 6.00000E-03,0,
 4.150000000E+00, 4.03250E-01, 6.00000E-03,0,
 4.200000000E+00, 4.04900E-01, 5.50000E-03,0,
 4.250000000E+00, 3.98800E-01, 4.93100E+00,0,
 4.300000000E+00, 3.88750E-01, 4.93100E+00,0,
 4.350000000E+00, 3.78800E-01, 6.00000E-03,0,
 4.400000000E+00, 3.74550E-01, 6.00000E-03,0,
 4.450000000E+00, 3.23150E-01, 6.00000E-03,0,
 4.500000000E+00, 3.30100E-01, 6.00000E-03,0,
 4.550000000E+00, 3.22100E-01, 6.00000E-03,0,
 4.600000000E+00, 3.03350E-01, 6.00000E-03,0,
 4.650000000E+00, 2.82650E-01, 4.93100E+00,0,
 4.700000000E+00, 2.36700E-01, 4.93100E+00,0,
 4.750000000E+00, 2.61600E-01, 4.93100E+00,0,
 4.800000000E+00, 2.95400E-01, 6.00000E-03,0,
 4.850000000E+00, 3.22050E-01, 6.00000E-03,0,
 4.900000000E+00, 3.26500E-01, 6.00000E-03,0,
 4.950000000E+00, 3.31200E-01, 4.93100E+00,0,
 5.000000000E+00, 3.38050E-01, 4.93100E+00,0,
 5.050000000E+00, 3.40050E-01, 6.00000E-03,0,
 5.100000000E+00, 3.52400E-01, 6.00000E-03,0,
 5.150000000E+00, 3.42750E-01, 6.00000E-03,0,
 5.200000000E+00, 3.27300E-01, 6.00000E-03,0,
 5.250000000E+00, 3.12950E-01, 4.93100E+00,0,
 5.300000000E+00, 2.79700E-01, 4.93100E+00,0,
 5.350000000E+00, 2.18500E-01, 6.00000E-03,0,
 5.400000000E+00, 1.64700E-01, 6.00000E-03,0,
 5.450000000E+00, 3.16500E-02, 6.00000E-03,0,
 5.500000000E+00, 2.31850E-01, 4.93100E+00,0,
 5.550000000E+00, 2.30550E-01, 6.00000E-03,0,
 5.600000000E+00, 2.87700E-01, 6.00000E-03,0,
 5.650000000E+00, 2.87050E-01, 5.50000E-03,0,
 5.700000000E+00, 3.21300E-01, 6.00000E-03,0,
 5.750000000E+00, 3.16200E-01, 4.93100E+00,0,
 5.800000000E+00, 3.20700E-01, 4.93100E+00,0,
 5.850000000E+00, 2.62750E-01, 5.50000E-03,0,
 5.900000000E+00, 2.06950E-01, 6.00000E-03,0,
 5.950000000E+00, 2.30650E-01, 6.00000E-03,0,
 6.000000000E+00, 2.53400E-01, 4.93100E+00,0,
 6.050000000E+00, 2.72350E-01, 4.93100E+00,0,
 6.100000000E+00, 2.69500E-01, 6.00000E-03,0,
 6.150000000E+00, 2.55150E-01, 6.00000E-03,0,
 6.200000000E+00, 2.07600E-01, 5.50000E-03,0,
 6.250000000E+00, 2.15300E-01, 6.00000E-03,0,
 6.300000000E+00, 1.61600E-01, 6.00000E-03,0,
 6.350000000E+00, 1.36700E-01, 4.93050E+00,0,
 6.400000000E+00, 1.34650E-01, 6.00000E-03,0,
 6.450000000E+00, 1.95900E-01, 6.00000E-03,0,
 6.500000000E+00, 2.25100E-01, 6.00000E-03,0,
 6.550000000E+00, 2.64600E-01, 5.50000E-03,0,
 6.600000000E+00, 2.75600E-01, 4.93100E+00,0,
 6.650000000E+00, 2.43250E-01, 4.93100E+00,0,
 6.700000000E+00, 2.26900E-01, 5.50000E-03,0,
 6.750000000E+00, 2.19700E-01, 6.00000E-03,0,
 6.800000000E+00, 2.25700E-01, 6.00000E-03,0,
 6.850000000E+00, 1.91800E-01, 6.00000E-03,0,
 6.900000000E+00, 1.93000E-01, 4.93100E+00,0,
 6.950000000E+00, 1.31500E-01, 6.00000E-03,0,
 7.000000000E+00, 1.81000E-01, 6.00000E-03,0,
 7.050000000E+00, 2.82950E-01, 6.00000E-03,0,
 7.100000000E+00, 3.22300E-01, 4.93100E+00,0,
 7.150000000E+00, 3.48900E-01, 4.93100E+00,0,
 7.200000000E+00, 3.53950E-01, 5.50000E-03,0,
 7.250000000E+00, 3.40700E-01, 6.00000E-03,0,
 7.300000000E+00, 3.19000E-01, 6.00000E-03,0,
 7.350000000E+00, 2.36750E-01, 4.93100E+00,0,
 7.400000000E+00, 1.34000E-01, 5.50000E-03,0,
 7.450000000E+00, 2.65900E-01, 6.00000E-03,0,
 7.500000000E+00, 3.23500E-01, 5.50000E-03,0,
 7.550000000E+00, 3.68800E-01, 6.00000E-03,0,
 7.600000000E+00, 3.78600E-01, 4.93100E+00,0,
 7.650000000E+00, 3.88200E-01, 5.50000E-03,0,
 7.700000000E+00, 3.93800E-01, 5.50000E-03,0,
 7.750000000E+00, 3.78650E-01, 6.00000E-03,0,
 7.800000000E+00, 3.59600E-01, 6.00000E-03,0,
 7.850000000E+00, 3.51150E-01, 4.93050E+00,0,
 7.900000000E+00, 3.16850E-01, 6.00000E-03,0,
 7.950000000E+00, 2.89800E-01, 6.00000E-03,0,
 8.000000000E+00, 2.97350E-01, 6.00000E-03,0,
 8.050000000E+00, 3.19900E-01, 4.93100E+00,0,
 8.100000000E+00, 3.51250E-01, 6.00000E-03,0,
 8.150000000E+00, 3.74000E-01, 6.00000E-03,0,
 8.200000000E+00, 3.85250E-01, 6.00000E-03,0,
 8.250000000E+00, 3.85250E-01, 4.90800E+00,0,
 8.300000000E+00, 3.69600E-01, 4.93100E+00,0,
 8.350000000E+00, 3.17350E-01, 6.00000E-03,0,
 8.400000000E+00, 2.63850E-01, 6.00000E-03,0,
 8.450000000E+00, 1.47250E-01, 6.00000E-03,0,
 8.500000000E+00, 1.77000E-01, 4.93100E+00,0,
 8.550000000E+00, 2.19550E-01, 6.00000E-03,0,
 8.600000000E+00, 2.67650E-01, 6.00000E-03,0,
 8.650000000E+00, 2.73300E-01, 6.00000E-03,0,
 8.700000000E+00, 2.96500E-01, 6.00000E-03,0,
 8.750000000E+00, 2.88100E-01, 4.93100E+00,0,
 8.800000000E+00, 2.88500E-01, 6.00000E-03,0,
 8.850000000E+00, 2.32200E-01, 6.00000E-03,0,
 8.900000000E+00, 1.25000E-01, 6.00000E-03,0,
 8.950000000E+00, 1.51050E-01, 4.93100E+00,0,
 9.000000000E+00, 1.74450E-01, 5.50000E-03,0,
 9.050000000E+00, 2.38400E-01, 6.00000E-03,0,
 9.100000000E+00, 2.96050E-01, 6.00000E-03,0,
 9.150000000E+00, 3.17750E-01, 4.93100E+00,0,
 9.200000000E+00, 2.90600E-01, 6.00000E-03,0,
 9.250000000E+00, 3.09950E-01, 5.50000E-03,0,
 9.300000000E+00, 2.71250E-01, 5.50000E-03,0,
 9.350000000E+00, 2.08550E-01, 4.93100E+00,0,
 9.400000000E+00, 2.05950E-01, 6.00000E-03,0,
 9.450000000E+00, 2.28700E-01, 6.00000E-03,0,
 9.500000000E+00, 1.95300E-01, 4.93100E+00,0,
 9.550000000E+00, 1.86750E-01, 4.93100E+00,0,
 9.600000000E+00, 7.53000E-02, 5.50000E-03,0,
 9.650000000E+00, 8.53000E-02, 6.00000E-03,0,
 9.700000000E+00, 2.38900E-01, 4.93100E+00,0,
 9.750000000E+00, 3.18100E-01, 6.00000E-03,0,
 9.800000000E+00, 3.23450E-01, 5.50000E-03,0,
 9.850000000E+00, 3.15550E-01, 6.00000E-03,0,
 9.900000000E+00, 3.23950E-01, 4.93050E+00,0,
 9.950000000E+00, 3.42100E-01, 6.00000E-03,0,
 1.000000000E+01, 3.06350E-01, 6.00000E-03,0,
 1.005000000E+01, 3.03050E-01, 6.00000E-03,0,
 1.010000000E+01, 2.24550E-01, 4.93100E+00,0,
 1.015000000E+01, 1.55900E-01, 6.00000E-03,0,
 1.020000000E+01, 1.32500E-02, 6.00000E-03,0,
 1.025000000E+01, 1.47650E-01, 6.00000E-03,0,
 1.030000000E+01, 2.39750E-01, 5.50000E-03,0,
 1.035000000E+01, 2.83750E-01, 4.93050E+00,0,
 1.040000000E+01, 2.96750E-01, 5.50000E-03,0,
 1.045000000E+01, 2.60500E-01, 6.00000E-03,0,
 1.050000000E+01, 2.29950E-01, 5.50000E-03,0,
 1.055000000E+01, 2.11700E-01, 4.93100E+00,0,
 1.060000000E+01, 1.48200E-01, 4.93100E+00,0,
 1.065000000E+01, 2.38000E-01, 6.00000E-03,0,
 1.070000000E+01, 2.86500E-01, 6.00000E-03,0,
 1.075000000E+01, 3.31850E-01, 6.00000E-03,0,
 1.080000000E+01, 3.32350E-01, 4.93100E+00,0,
 1.085000000E+01, 3.44600E-01, 4.93100E+00,0,
 1.090000000E+01, 3.47150E-01, 6.00000E-03,0,
 1.095000000E+01, 3.58450E-01, 6.00000E-03,0,
 1.100000000E+01, 3.58000E-01, 6.00000E-03,0,
 1.105000000E+01, 3.34950E-01, 4.93100E+00,0,
 1.110000000E+01, 3.20550E-01, 6.00000E-03,0,
 1.115000000E+01, 2.92500E-01, 6.00000E-03,0,
 1.120000000E+01, 2.97700E-01, 6.00000E-03,0,
 1.125000000E+01, 2.67150E-01, 4.93100E+00,0,
 1.130000000E+01, 2.83800E-01, 5.50000E-03,0,
 1.135000000E+01, 2.84850E-01, 6.00000E-03,0,
 1.140000000E+01, 2.34050E-01, 5.50000E-03,0,
 1.145000000E+01, 2.18100E-01, 4.93100E+00,0,
 1.150000000E+01, 2.06150E-01, 6.00000E-03,0,
 1.155000000E+01, 2.22600E-01, 6.00000E-03,0,
 1.160000000E+01, 1.05200E-01, 6.00000E-03,0,
 1.165000000E+01, 9.23000E-02, 6.00000E-03,0,
 1.170000000E+01, 1.63600E-01, 4.93100E+00,0,
 1.175000000E+01, 1.60950E-01, 6.00000E-03,0,
 1.180000000E+01, 1.96950E-01, 6.00000E-03,0,
 1.185000000E+01, 2.30050E-01, 6.00000E-03,0,
 1.190000000E+01, 2.43650E-01, 6.00000E-03,0,
 1.195000000E+01, 2.11000E-01, 4.93100E+00,0,
 1.200000000E+01, 1.30350E-01, 6.00000E-03,0,
 1.205000000E+01, 1.39800E-01, 5.50000E-03,0,
 1.210000000E+01, 2.15500E-01, 6.00000E-03,0,
 1.215000000E+01, 2.15550E-01, 5.50000E-03,0,
 1.220000000E+01, 2.34650E-01, 6.00000E-03,0,
 1.225000000E+01, 2.91850E-01, 4.93100E+00,0,
 1.230000000E+01, 3.02550E-01, 4.93100E+00,0,
 1.235000000E+01, 2.64900E-01, 5.50000E-03,0,
 1.240000000E+01, 2.26250E-01, 6.00000E-03,0,
 1.245000000E+01, 1.84500E-01, 6.00000E-03,0,
 1.250000000E+01, 8.50000E-02, 4.93100E+00,0,
 1.255000000E+01, 1.97500E-01, 4.93100E+00,0,
 1.260000000E+01, 2.72800E-01, 6.00000E-03,0,
 1.265000000E+01, 2.94900E-01, 6.00000E-03,0,
 1.270000000E+01, 3.33650E-01, 6.00000E-03,0,
 1.275000000E+01, 3.39900E-01, 6.00000E-03,0,
 1.280000000E+01, 3.54600E-01, 4.93100E+00,0,
 1.285000000E+01, 3.54500E-01, 4.93100E+00,0,
 1.290000000E+01, 3.28900E-01, 6.00000E-03,0,
 1.295000000E+01, 3.10900E-01, 5.50000E-03,0,
 1.300000000E+01, 2.67400E-01, 6.00000E-03,0,
 1.305000000E+01, 2.29050E-01, 4.93100E+00,0,
 1.310000000E+01, 6.80000E-02, 5.50000E-03,0,
 1.315000000E+01, 2.37750E-01, 6.00000E-03,0,
 1.320000000E+01, 3.05100E-01, 6.00000E-03,0,
 1.325000000E+01, 3.27400E-01, 6.00000E-03,0,
 1.330000000E+01, 3.29100E-01, 4.93050E+00,0,
 1.335000000E+01, 3.08050E-01, 6.00000E-03,0,
 1.340000000E+01, 2.88100E-01, 5.50000E-03,0,
 1.345000000E+01, 2.48800E-01, 5.50000E-03,0,
 1.350000000E+01, 2.27250E-01, 4.93050E+00,0,
 1.355000000E+01, 2.25550E-01, 6.00000E-03,0,
 1.360000000E+01, 2.03450E-01, 6.00000E-03,0,
 1.365000000E+01, 2.03050E-01, 6.00000E-03,0,
 1.370000000E+01, 1.97850E-01, 4.93100E+00,0,
 1.375000000E+01, 2.04100E-01, 4.93100E+00,0,
 1.380000000E+01, 2.03100E-01, 6.00000E-03,0,
 1.385000000E+01, 1.70100E-01, 6.00000E-03,0,
 1.390000000E+01, 1.69500E-01, 5.50000E-03,0,
 1.395000000E+01, 1.67900E-01, 4.93100E+00,0,
 1.400000000E+01, 1.15200E-01, 4.93050E+00,0,
 1.405000000E+01, 1.41150E-01, 6.00000E-03,0,
 1.410000000E+01, 1.63150E-01, 5.50000E-03,0,
 1.415000000E+01, 2.31400E-01, 6.00000E-03,0,
 1.420000000E+01, 2.79850E-01, 4.93050E+00,0,
 1.425000000E+01, 3.16750E-01, 4.93100E+00,0,
 1.430000000E+01, 3.19200E-01, 6.00000E-03,0,
 1.435000000E+01, 3.30800E-01, 5.50000E-03,0,
 1.440000000E+01, 3.12850E-01, 5.50000E-03,0,
 1.445000000E+01, 2.81550E-01, 4.93100E+00,0,
 1.450000000E+01, 2.13800E-01, 4.93100E+00,0,
 1.455000000E+01, 9.02500E-02, 6.00000E-03,0,
 1.460000000E+01, 2.55650E-01, 6.00000E-03,0,
 1.465000000E+01, 3.16050E-01, 6.00000E-03,0,
 1.470000000E+01, 3.50450E-01, 4.93050E+00,0,
 1.475000000E+01, 3.62450E-01, 4.93050E+00,0,
 1.480000000E+01, 3.80050E-01, 5.50000E-03,0,
 1.485000000E+01, 3.65050E-01, 6.00000E-03,0,
 1.490000000E+01, 3.51300E-01, 6.00000E-03,0,
 1.495000000E+01, 3.33050E-01, 4.93100E+00,0,
 1.500000000E+01, 3.29550E-01, 6.00000E-03,0,
 1.505000000E+01, 3.27100E-01, 5.50000E-03,0,
 1.510000000E+01, 3.31700E-01, 6.00000E-03,0,
 1.515000000E+01, 3.44900E-01, 6.00000E-03,0,
 1.520000000E+01, 3.46900E-01, 4.93100E+00,0,
 1.525000000E+01, 3.58700E-01, 4.93100E+00,0,
 1.530000000E+01, 3.78600E-01, 6.00000E-03,0,
 1.535000000E+01, 3.69050E-01, 6.00000E-03,0,
 1.540000000E+01, 3.52200E-01, 5.50000E-03,0,
 1.545000000E+01, 3.50100E-01, 4.93050E+00,0,
 1.550000000E+01, 3.46650E-01, 6.00000E-03,0,
 1.555000000E+01, 3.39450E-01, 5.50000E-03,0,
 1.560000000E+01, 3.17250E-01, 6.00000E-03,0,
 1.565000000E+01, 3.09200E-01, 4.87250E+00,0,
 1.570000000E+01, 2.94450E-01, 4.93100E+00,0,
 1.575000000E+01, 3.18350E-01, 5.50000E-03,0,
 1.580000000E+01, 3.28150E-01, 5.50000E-03,0,
 1.585000000E+01, 3.60100E-01, 5.50000E-03,0,
 1.590000000E+01, 3.84500E-01, 4.93100E+00,0,
 1.595000000E+01, 3.97500E-01, 6.00000E-03,0,
 1.600000000E+01, 3.91300E-01, 6.00000E-03,0,
 1.605000000E+01, 3.96650E-01, 6.00000E-03,0,
 1.610000000E+01, 3.90350E-01, 6.00000E-03,0,
 1.615000000E+01, 3.82500E-01, 4.93100E+00,0,
 1.620000000E+01, 3.44650E-01, 6.00000E-03,0,
 1.625000000E+01, 3.39650E-01, 6.00000E-03,0,
 1.630000000E+01, 3.51300E-01, 6.00000E-03,0,
 1.635000000E+01, 3.78400E-01, 4.93100E+00,0,
 1.640000000E+01, 4.03550E-01, 4.93100E+00,0,
 1.645000000E+01, 4.04900E-01, 6.00000E-03,0,
 1.650000000E+01, 4.25500E-01, 5.50000E-03,0,
 1.655000000E+01, 3.92950E-01, 6.00000E-03,0,
 1.660000000E+01, 3.87500E-01, 6.00000E-03,0,
 1.665000000E+01, 3.80700E-01, 4.93100E+00,0,
 1.670000000E+01, 3.77300E-01, 5.50000E-03,0,
 1.675000000E+01, 3.47500E-01, 6.00000E-03,0,
 1.680000000E+01, 3.53500E-01, 6.00000E-03,0,
 1.685000000E+01, 3.42950E-01, 6.00000E-03,0,
 1.690000000E+01, 3.37200E-01, 4.93100E+00,0,
 1.695000000E+01, 3.26750E-01, 4.93100E+00,0,
 1.700000000E+01, 3.48250E-01, 6.00000E-03,0,
 1.705000000E+01, 3.47550E-01, 6.00000E-03,0,
 1.710000000E+01, 3.47100E-01, 6.00000E-03,0,
 1.715000000E+01, 3.44200E-01, 4.93100E+00,0,
 1.720000000E+01, 3.38050E-01, 4.93100E+00,0,
 1.725000000E+01, 3.26100E-01, 6.00000E-03,0,
 1.730000000E+01, 2.95000E-01, 6.00000E-03,0,
 1.735000000E+01, 3.03650E-01, 4.93100E+00,0,
 1.740000000E+01, 3.06900E-01, 4.93100E+00,0,
 1.745000000E+01, 3.08400E-01, 6.00000E-03,0,
 1.750000000E+01, 3.36800E-01, 6.00000E-03,0,
 1.755000000E+01, 3.49850E-01, 6.00000E-03,0,
 1.760000000E+01, 3.60750E-01, 4.93050E+00,0,
 1.765000000E+01, 3.63150E-01, 4.93100E+00,0,
 1.770000000E+01, 3.71050E-01, 6.00000E-03,0,
 1.775000000E+01, 3.69550E-01, 6.00000E-03,0,
 1.780000000E+01, 3.68150E-01, 6.00000E-03,0,
 1.785000000E+01, 3.50600E-01, 4.93100E+00,0,
 1.790000000E+01, 3.17950E-01, 4.93100E+00,0,
 1.795000000E+01, 2.34900E-01, 5.50000E-03,0,
 1.800000000E+01, 1.48950E-01, 6.00000E-03,0,
 1.805000000E+01, 2.08650E-01, 6.00000E-03,0,
 1.810000000E+01, 3.05050E-01, 4.93100E+00,0,
 1.815000000E+01, 3.37450E-01, 4.93100E+00,0,
 1.820000000E+01, 3.54550E-01, 6.00000E-03,0,
 1.825000000E+01, 3.43850E-01, 5.50000E-03,0,
 1.830000000E+01, 3.42500E-01, 4.93100E+00,0,
 1.835000000E+01, 3.11400E-01, 4.93100E+00,0,
 1.840000000E+01, 2.57300E-01, 6.00000E-03,0,
 1.845000000E+01, 2.69000E-01, 5.50000E-03,0,
 1.850000000E+01, 3.00600E-01, 6.00000E-03,0,
 1.855000000E+01, 3.29550E-01, 4.93100E+00,0,
 1.860000000E+01, 3.49400E-01, 6.00000E-03,0,
 1.865000000E+01, 3.52300E-01, 6.00000E-03,0,
 1.870000000E+01, 3.51200E-01, 6.00000E-03,0,
 1.875000000E+01, 3.64900E-01, 6.00000E-03,0,
 1.880000000E+01, 3.81000E-01, 4.93100E+00,0,
 1.885000000E+01, 3.84500E-01, 6.00000E-03,0,
 1.890000000E+01, 3.66950E-01, 6.00000E-03,0,
 1.895000000E+01, 3.76600E-01, 6.00000E-03,0,
 1.900000000E+01, 2.33300E-01, 4.93100E+00,0,
 1.905000000E+01, 3.65550E-01, 6.00000E-03,0,
 1.910000000E+01, 3.40850E-01, 6.00000E-03,0,
 1.915000000E+01, 3.58350E-01, 6.00000E-03,0,
 1.920000000E+01, 3.73950E-01, 4.93100E+00,0,
 1.925000000E+01, 3.75550E-01, 6.00000E-03,0,
 1.930000000E+01, 3.81050E-01, 6.00000E-03,0,
 1.935000000E+01, 3.70900E-01, 6.00000E-03,0,
 1.940000000E+01, 3.48700E-01, 4.93050E+00,0,
 1.945000000E+01, 3.65000E-01, 4.93100E+00,0,
 1.950000000E+01, 3.72500E-01, 6.00000E-03,0,
 1.955000000E+01, 3.53100E-01, 6.00000E-03,0,
 1.960000000E+01, 3.82150E-01, 6.00000E-03,0,
 1.965000000E+01, 3.85950E-01, 4.93100E+00,0,
 1.970000000E+01, 3.80750E-01, 6.00000E-03,0,
 1.975000000E+01, 3.92800E-01, 6.00000E-03,0,
 1.980000000E+01, 3.95200E-01, 6.00000E-03,0,
 1.985000000E+01, 4.06100E-01, 4.93050E+00,0,
 1.990000000E+01, 4.07250E-01, 5.50000E-03,0,
 1.995000000E+01, 4.01050E-01, 6.00000E-03,0,
 2.000000000E+01, 3.78600E-01, 6.00000E-03,0,
 2.005000000E+01, 3.61650E-01, 4.93100E+00,0,
 2.010000000E+01, 3.77450E-01, 6.00000E-03,0,
 2.015000000E+01, 3.74800E-01, 5.50000E-03,0,
 2.020000000E+01, 3.59600E-01, 6.00000E-03,0,
 2.025000000E+01, 3.57650E-01, 4.93100E+00,0,
 2.030000000E+01, 3.39650E-01, 6.00000E-03,0,
 2.035000000E+01, 2.94900E-01, 5.50000E-03,0,
 2.040000000E+01, 2.93900E-01, 6.00000E-03,0,
 2.045000000E+01, 9.64500E-02, 4.93100E+00,0,
 2.050000000E+01, 7.89000E-02, 5.50000E-03,0,
 2.055000000E+01, 2.03950E-01, 6.00000E-03,0,
 2.060000000E+01, 3.19100E-01, 6.00000E-03,0,
 2.065000000E+01, 2.83950E-01, 4.93050E+00,0,
 2.070000000E+01, 2.85400E-01, 6.00000E-03,0,
 2.075000000E+01, 3.11550E-01, 5.50000E-03,0,
 2.080000000E+01, 2.68200E-01, 6.00000E-03,0,
 2.085000000E+01, 2.35150E-01, 4.93100E+00,0,
 2.090000000E+01, 2.59200E-01, 6.00000E-03,0,
 2.095000000E+01, 2.89450E-01, 5.50000E-03,0,
 2.100000000E+01, 3.39250E-01, 6.00000E-03,0,
 2.105000000E+01, 3.14800E-01, 4.93100E+00,0,
 2.110000000E+01, 3.64250E-01, 6.00000E-03,0,
 2.115000000E+01, 3.33100E-01, 5.50000E-03,0,
 2.120000000E+01, 3.86550E-01, 5.50000E-03,0,
 2.125000000E+01, 4.04250E-01, 4.93100E+00,0,
 2.130000000E+01, 4.04650E-01, 5.50000E-03,0,
 2.135000000E+01, 4.04500E-01, 6.00000E-03,0,
 2.140000000E+01, 3.90200E-01, 6.00000E-03,0,
 2.145000000E+01, 3.82500E-01, 6.00000E-03,0,
 2.150000000E+01, 3.62600E-01, 4.93100E+00,0,
 2.155000000E+01, 3.61650E-01, 6.00000E-03,0,
 2.160000000E+01, 3.74250E-01, 5.50000E-03,0,
 2.165000000E+01, 3.99900E-01, 6.00000E-03,0,
 2.170000000E+01, 3.79250E-01, 4.93100E+00,0,
 2.175000000E+01, 3.90350E-01, 5.50000E-03,0,
 2.180000000E+01, 3.64550E-01, 6.00000E-03,0,
 2.185000000E+01, 3.27250E-01, 6.00000E-03,0,
 2.190000000E+01, 3.36800E-01, 4.93100E+00,0,
 2.195000000E+01, 3.73300E-01, 4.93100E+00,0,
 2.200000000E+01, 3.95650E-01, 6.00000E-03,0,
 2.205000000E+01, 4.00450E-01, 6.00000E-03,0,
 2.210000000E+01, 3.82400E-01, 6.00000E-03,0,
 2.215000000E+01, 4.09150E-01, 4.93100E+00,0,
 2.220000000E+01, 4.08050E-01, 6.00000E-03,0,
 2.225000000E+01, 3.96350E-01, 6.00000E-03,0,
 2.230000000E+01, 4.43400E-01, 5.50000E-03,0,
 2.235000000E+01, 4.32200E-01, 4.93050E+00,0,
 2.240000000E+01, 4.06850E-01, 6.00000E-03,0,
 2.245000000E+01, 3.94900E-01, 5.50000E-03,0,
 2.250000000E+01, 3.81650E-01, 6.00000E-03,0,
 2.255000000E+01, 3.21850E-01, 4.93100E+00,0,
 2.260000000E+01, 3.65350E-01, 2.79750E+00,0,
 2.265000000E+01, 3.57800E-01, 6.00000E-03,0,
 2.270000000E+01, 3.61650E-01, 5.50000E-03,0,
 2.275000000E+01, 3.62300E-01, 6.00000E-03,0,
 2.280000000E+01, 2.68900E-01, 4.93050E+00,0,
 2.285000000E+01, 2.97450E-01, 6.00000E-03,0,
 2.290000000E+01, 2.48650E-01, 6.00000E-03,0,
 2.295000000E+01, 2.72000E-01, 6.00000E-03,0,
 2.300000000E+01, 3.29750E-01, 4.93100E+00,0,
 2.305000000E+01, 3.55300E-01, 6.00000E-03,0,
 2.310000000E+01, 3.53800E-01, 6.00000E-03,0,
 2.315000000E+01, 3.43300E-01, 6.00000E-03,0,
 2.320000000E+01, 3.53350E-01, 4.93100E+00,0,
 2.325000000E+01, 3.66750E-01, 4.93100E+00,0,
 2.330000000E+01, 3.76750E-01, 6.00000E-03,0,
 2.335000000E+01, 3.75300E-01, 5.50000E-03,0,
 2.340000000E+01, 2.33000E-01, 4.93050E+00,0,
 2.345000000E+01, 3.17100E-01, 6.00000E-03,0,
 2.350000000E+01, 3.20450E-01, 5.50000E-03,0,
 2.355000000E+01, 3.40200E-01, 5.50000E-03,0,
 2.360000000E+01, 3.36900E-01, 4.93050E+00,0,
 2.365000000E+01, 3.52050E-01, 6.00000E-03,0,
 2.370000000E+01, 3.32500E-01, 6.00000E-03,0,
 2.375000000E+01, 2.95050E-01, 6.00000E-03,0,
 2.380000000E+01, 3.25150E-01, 4.93100E+00,0,
 2.385000000E+01, 3.72400E-01, 6.00000E-03,0,
 2.390000000E+01, 3.81350E-01, 6.00000E-03,0,
 2.395000000E+01, 3.64950E-01, 5.50000E-03,0,
 2.400000000E+01, 3.41000E-01, 4.93100E+00,0,
 2.405000000E+01, 3.09700E-01, 6.00000E-03,0,
 2.410000000E+01, 3.01650E-01, 6.00000E-03,0,
 2.415000000E+01, 3.27750E-01, 4.93100E+00,0,
 2.420000000E+01, 3.37850E-01, 4.93100E+00,0,
 2.425000000E+01, 3.38450E-01, 6.00000E-03,0,
 2.430000000E+01, 3.69650E-01, 6.00000E-03,0,
 2.435000000E+01, 3.60600E-01, 6.00000E-03,0,
 2.440000000E+01, 3.62900E-01, 4.93100E+00,0,
 2.445000000E+01, 3.77100E-01, 6.00000E-03,0,
 2.450000000E+01, 3.88100E-01, 5.50000E-03,0,
 2.455000000E+01, 4.06900E-01, 6.00000E-03,0,
 2.460000000E+01, 3.72850E-01, 4.93100E+00,0,
 2.465000000E+01, 3.89900E-01, 6.00000E-03,0,
 2.470000000E+01, 3.79500E-01, 6.00000E-03,0,
 2.475000000E+01, 3.80500E-01, 6.00000E-03,0,
 2.480000000E+01, 3.77150E-01, 4.93100E+00,0,
 2.485000000E+01, 3.39850E-01, 6.00000E-03,0,
 2.490000000E+01, 2.86950E-01, 6.00000E-03,0,
 2.495000000E+01, 2.80650E-01, 4.93050E+00,0,
 2.500000000E+01, 3.00100E-01, 6.00000E-03,0,
 2.505000000E+01, 2.72400E-01, 5.50000E-03,0,
 2.510000000E+01, 2.61350E-01, 4.93050E+00,0,
 2.515000000E+01, 3.11150E-01, 5.50000E-03,0,
 2.520000000E+01, 3.56400E-01, 6.00000E-03,0,
 2.525000000E+01, 3.66100E-01, 5.50000E-03,0,
 2.530000000E+01, 3.53650E-01, 4.93100E+00,0,
 2.535000000E+01, 2.85600E-01, 5.50000E-03,0,
 2.540000000E+01, 2.91100E-01, 6.00000E-03,0,
 2.545000000E+01, 3.54900E-01, 6.00000E-03,0,
 2.550000000E+01, 3.26600E-01, 4.93050E+00,0,
 2.555000000E+01, 4.26750E-01, 6.00000E-03,0,
 2.560000000E+01, 4.25500E-01, 6.00000E-03,0,
 2.565000000E+01, 4.13650E-01, 4.93100E+00,0,
 2.570000000E+01, 3.94350E-01, 4.93100E+00,0,
 2.575000000E+01, 3.62400E-01, 6.00000E-03,0,
 2.580000000E+01, 3.45100E-01, 5.50000E-03,0,
 2.585000000E+01, 3.63250E-01, 6.00000E-03,0,
 2.590000000E+01, 2.99700E-01, 4.93100E+00,0,
 2.595000000E+01, 3.76600E-01, 6.00000E-03,0,
 2.600000000E+01, 2.51400E-01, 6.00000E-03,0,
 2.605000000E+01, 3.51750E-01, 6.00000E-03,0,
 2.610000000E+01, 2.78400E-01, 6.00000E-03,0,
 2.615000000E+01, 3.68550E-01, 4.93100E+00,0,
 2.620000000E+01, 3.81250E-01, 5.50000E-03,0,
 2.625000000E+01, 3.85700E-01, 5.50000E-03,0,
 2.630000000E+01, 3.89300E-01, 5.50000E-03,0,
 2.635000000E+01, 3.72900E-01, 6.00000E-03,0,
 2.640000000E+01, 3.76000E-01, 4.93100E+00,0,
 2.645000000E+01, 3.69250E-01, 5.50000E-03,0,
 2.650000000E+01, 3.62750E-01, 5.50000E-03,0,
 2.655000000E+01, 4.05200E-01, 5.50000E-03,0,
 2.660000000E+01, 3.84600E-01, 6.00000E-03,0,
 2.665000000E+01, 3.79650E-01, 4.93100E+00,0,
 2.670000000E+01, 3.83400E-01, 4.93100E+00,0,
 2.675000000E+01, 3.63300E-01, 6.00000E-03,0,
 2.680000000E+01, 3.61600E-01, 5.50000E-03,0,
 2.685000000E+01, 3.62150E-01, 5.50000E-03,0,
 2.690000000E+01, 3.59750E-01, 6.00000E-03,0,
 2.695000000E+01, 3.63450E-01, 4.93050E+00,0,
 2.700000000E+01, 3.71800E-01, 4.93100E+00,0,
 2.705000000E+01, 4.07100E-01, 6.00000E-03,0,
 2.710000000E+01, 3.86700E-01, 6.00000E-03,0,
 2.715000000E+01, 3.92350E-01, 6.00000E-03,0,
 2.720000000E+01, 3.80800E-01, 6.00000E-03,0,
 2.725000000E+01, 3.69000E-01, 4.93100E+00,0,
 2.730000000E+01, 3.65600E-01, 5.50000E-03,0,
 2.735000000E+01, 3.51950E-01, 6.00000E-03,0,
 2.740000000E+01, 3.54650E-01, 6.00000E-03,0,
 2.745000000E+01, 3.73700E-01, 4.93100E+00,0,
 2.750000000E+01, 3.90700E-01, 4.93050E+00,0,
 2.755000000E+01, 3.90500E-01, 5.50000E-03,0,
 2.760000000E+01, 4.14650E-01, 6.00000E-03,0,
 2.765000000E+01, 4.20850E-01, 4.93100E+00,0,
 2.770000000E+01, 4.23050E-01, 4.93100E+00,0,
 2.775000000E+01, 4.36950E-01, 6.00000E-03,0,
 2.780000000E+01, 4.20900E-01, 5.50000E-03,0,
 2.785000000E+01, 4.16950E-01, 6.00000E-03,0,
 2.790000000E+01, 3.71050E-01, 4.93100E+00,0,
 2.795000000E+01, 3.38200E-01, 6.00000E-03,0,
 2.800000000E+01, 3.23450E-01, 6.00000E-03,0,
 2.805000000E+01, 3.50550E-01, 5.50000E-03,0,
 2.810000000E+01, 3.80150E-01, 5.50000E-03,0,
 2.815000000E+01, 3.81850E-01, 4.93100E+00,0,
 2.820000000E+01, 3.77350E-01, 6.00000E-03,0,
 2.825000000E+01, 3.71100E-01, 6.00000E-03,0,
 2.830000000E+01, 3.41600E-01, 6.00000E-03,0,
 2.835000000E+01, 3.17150E-01, 6.00000E-03,0,
 2.840000000E+01, 3.21800E-01, 4.93050E+00,0,
 2.845000000E+01, 3.37700E-01, 6.00000E-03,0,
 2.850000000E+01, 3.39350E-01, 6.00000E-03,0,
 2.855000000E+01, 3.71450E-01, 6.00000E-03,0,
 2.860000000E+01, 3.81200E-01, 4.93100E+00,0,
 2.865000000E+01, 3.78500E-01, 4.93100E+00,0,
 2.870000000E+01, 3.84300E-01, 6.00000E-03,0,
 2.875000000E+01, 3.57700E-01, 6.00000E-03,0,
 2.880000000E+01, 3.93800E-01, 6.00000E-03,0,
 2.885000000E+01, 4.05050E-01, 4.93100E+00,0,
 2.890000000E+01, 4.20600E-01, 6.00000E-03,0,
 2.895000000E+01, 4.13400E-01, 6.00000E-03,0,
 2.900000000E+01, 3.86250E-01, 5.50000E-03,0,
 2.905000000E+01, 3.79050E-01, 6.00000E-03,0,
 2.910000000E+01, 3.58450E-01, 4.93100E+00,0,
 2.915000000E+01, 3.70100E-01, 6.00000E-03,0,
 2.920000000E+01, 3.43100E-01, 6.00000E-03,0,
 2.925000000E+01, 3.25150E-01, 6.00000E-03,0,
 2.930000000E+01, 3.27450E-01, 4.93050E+00,0,
 2.935000000E+01, 3.33300E-01, 4.93050E+00,0,
 2.940000000E+01, 2.83600E-01, 5.50000E-03,0,
 2.945000000E+01, 2.50300E-01, 6.00000E-03,0,
 2.950000000E+01, 2.14000E-01, 4.93100E+00,0,
 2.955000000E+01, 2.47600E-01, 4.93100E+00,0,
 2.960000000E+01, 2.26950E-01, 6.00000E-03,0,
 2.965000000E+01, 2.83250E-01, 6.00000E-03,0,
 2.970000000E+01, 2.91600E-01, 5.50000E-03,0,
 2.975000000E+01, 3.28700E-01, 4.93050E+00,0,
 2.980000000E+01, 3.44050E-01, 4.93100E+00,0,
 2.985000000E+01, 3.37300E-01, 6.00000E-03,0,
 2.990000000E+01, 3.29850E-01, 6.00000E-03,0,
 2.995000000E+01, 3.30250E-01, 5.50000E-03,0,
 3.000000000E+01, 3.13150E-01, 5.50000E-03,0,
 3.005000000E+01, 3.70950E-01, 4.93100E+00,0,
 3.010000000E+01, 3.48500E-01, 6.00000E-03,0,
 3.015000000E+01, 3.46900E-01, 6.00000E-03,0,
 3.020000000E+01, 3.05100E-01, 6.00000E-03,0,
 3.025000000E+01, 1.87750E-01, 5.50000E-03,0,
 3.030000000E+01, 2.39250E-01, 4.93050E+00,0,
 3.035000000E+01, 2.04700E-01, 5.50000E-03,0,
 3.040000000E+01, 2.84700E-01, 5.50000E-03,0,
 3.045000000E+01, 2.95500E-01, 5.50000E-03,0,
 3.050000000E+01, 3.42200E-01, 4.93100E+00,0,
 3.055000000E+01, 3.09550E-01, 4.93100E+00,0,
 3.060000000E+01, 2.96600E-01, 5.50000E-03,0,
 3.065000000E+01, 2.81500E-01, 5.50000E-03,0,
 3.070000000E+01, 1.59050E-01, 6.00000E-03,0,
 3.075000000E+01, 2.25900E-01, 4.93050E+00,0,
 3.080000000E+01, 2.72950E-01, 5.50000E-03,0,
 3.085000000E+01, 3.48300E-01, 6.00000E-03,0,
 3.090000000E+01, 3.55200E-01, 6.00000E-03,0,
 3.095000000E+01, 3.42000E-01, 6.00000E-03,0,
 3.100000000E+01, 3.18650E-01, 4.93050E+00,0,
 3.105000000E+01, 3.49400E-01, 6.00000E-03,0,
 3.110000000E+01, 3.63450E-01, 6.00000E-03,0,
 3.115000000E+01, 3.76150E-01, 6.00000E-03,0,
 3.120000000E+01, 3.97550E-01, 4.93050E+00,0,
 3.125000000E+01, 3.78500E-01, 6.00000E-03,0,
 3.130000000E+01, 3.88950E-01, 5.50000E-03,0,
 3.135000000E+01, 3.75850E-01, 6.00000E-03,0,
 3.140000000E+01, 3.81950E-01, 4.93050E+00,0,
 3.145000000E+01, 1.41900E-01, 4.93050E+00,0,
 3.150000000E+01, 3.71900E-01, 6.00000E-03,0,
 3.155000000E+01, 2.65800E-01, 6.00000E-03,0,
 3.160000000E+01, 3.17550E-01, 5.50000E-03,0,
 3.165000000E+01, 3.32400E-01, 4.93100E+00,0,
 3.170000000E+01, 2.93900E-01, 6.00000E-03,0,
 3.175000000E+01, 2.37150E-01, 5.50000E-03,0,
 3.180000000E+01, 2.54200E-01, 6.00000E-03,0,
 3.185000000E+01, 2.76950E-01, 6.00000E-03,0,
 3.190000000E+01, 3.26050E-01, 4.93100E+00,0,
 3.195000000E+01, 3.54500E-01, 6.00000E-03,0,
 3.200000000E+01, 3.76600E-01, 6.00000E-03,0,
 3.205000000E+01, 3.30750E-01, 5.50000E-03,0,
 3.210000000E+01, 3.77850E-01, 4.93050E+00,0,
 3.215000000E+01, 3.74900E-01, 4.93100E+00,0,
 3.220000000E+01, 3.73700E-01, 6.00000E-03,0,
 3.225000000E+01, 3.68500E-01, 5.50000E-03,0,
 3.230000000E+01, 3.91850E-01, 4.93100E+00,0,
 3.235000000E+01, 3.63400E-01, 4.93100E+00,0,
 3.240000000E+01, 3.43450E-01, 6.00000E-03,0,
 3.245000000E+01, 2.97000E-01, 5.50000E-03,0,
 3.250000000E+01, 2.14850E-01, 6.00000E-03,0,
 3.255000000E+01, 1.94000E-01, 4.93100E+00,0,
 3.260000000E+01, 2.45250E-01, 4.77850E+00,0,
 3.265000000E+01, 2.33600E-01, 6.00000E-03,0,
 3.270000000E+01, 2.93550E-01, 5.50000E-03,0,
 3.275000000E+01, 3.65700E-01, 6.00000E-03,0,
 3.280000000E+01, 3.76000E-01, 4.93050E+00,0,
 3.285000000E+01, 3.97200E-01, 6.00000E-03,0,
 3.290000000E+01, 4.00950E-01, 6.00000E-03,0,
 3.295000000E+01, 4.00550E-01, 6.00000E-03,0,
 3.300000000E+01, 3.88600E-01, 6.00000E-03,0,
 3.305000000E+01, 3.78950E-01, 4.93050E+00,0,
 3.310000000E+01, 3.49350E-01, 6.00000E-03,0,
 3.315000000E+01, 3.21700E-01, 5.50000E-03,0,
 3.320000000E+01, 3.74650E-01, 6.00000E-03,0,
 3.325000000E+01, 3.79750E-01, 4.93050E+00,0,
 3.330000000E+01, 3.66800E-01, 6.00000E-03,0,
 3.335000000E+01, 3.49100E-01, 6.00000E-03,0,
 3.340000000E+01, 3.69650E-01, 6.00000E-03,0,
 3.345000000E+01, 3.73550E-01, 4.91800E+00,0,
 3.350000000E+01, 3.56650E-01, 4.93050E+00,0,
 3.355000000E+01, 3.23400E-01, 5.50000E-03,0,
 3.360000000E+01, 2.81700E-01, 6.00000E-03,0,
 3.365000000E+01, 2.38400E-01, 5.50000E-03,0,
 3.370000000E+01, 1.74600E-01, 4.93100E+00,0,
 3.375000000E+01, 3.51850E-01, 5.50000E-03,0,
 3.380000000E+01, 3.83700E-01, 5.50000E-03,0,
 3.385000000E+01, 3.93750E-01, 6.00000E-03,0,
 3.390000000E+01, 3.86800E-01, 5.50000E-03,0,
 3.395000000E+01, 3.85300E-01, 4.93050E+00,0,
 3.400000000E+01, 3.61950E-01, 5.50000E-03,0,
 3.405000000E+01, 1.69500E-01, 5.50000E-03,0,
 3.410000000E+01, 3.68800E-01, 4.93100E+00,0,
 3.415000000E+01, 4.06150E-01, 5.50000E-03,0,
 3.420000000E+01, 4.01250E-01, 5.50000E-03,0,
 3.425000000E+01, 4.14600E-01, 5.50000E-03,0,
 3.430000000E+01, 4.12300E-01, 4.93050E+00,0,
 3.435000000E+01, 3.64200E-01, 2.03600E+00,0,
 3.440000000E+01, 3.38350E-01, 5.50000E-03,0,
 3.445000000E+01, 3.84300E-01, 6.00000E-03,0,
 3.450000000E+01, 3.83700E-01, 4.93100E+00,0,
 3.455000000E+01, 3.68100E-01, 6.00000E-03,0,
 3.460000000E+01, 3.53650E-01, 6.00000E-03,0,
 3.465000000E+01, 3.38800E-01, 5.50000E-03,0,
 3.470000000E+01, 3.67250E-01, 4.93100E+00,0,
 3.475000000E+01, 2.93300E-01, 6.00000E-03,0,
 3.480000000E+01, 3.76850E-01, 6.00000E-03,0,
 3.485000000E+01, 3.77800E-01, 6.00000E-03,0,
 3.490000000E+01, 2.98850E-01, 4.93100E+00,0,
 3.495000000E+01, 2.14300E-01, 5.50000E-03,0,
 3.500000000E+01, 9.00000E-04, 6.00000E-03,0,
 3.505000000E+01, 2.95100E-01, 4.93050E+00,0,
 3.510000000E+01, 3.32100E-01, 4.93100E+00,0,
 3.515000000E+01, 3.13750E-01, 6.00000E-03,0,
 3.520000000E+01, 2.12650E-01, 6.00000E-03,0,
 3.525000000E+01,-4.40000E-03, 4.93100E+00,0,
 3.530000000E+01, 2.49400E-01, 5.50000E-03,0,
 3.535000000E+01, 3.32150E-01, 6.00000E-03,0,
 3.540000000E+01, 3.42000E-01, 6.00000E-03,0,
 3.545000000E+01, 2.96150E-01, 4.93100E+00,0,
 3.550000000E+01, 3.08650E-01, 4.93100E+00,0,
 3.555000000E+01, 3.08300E-01, 6.00000E-03,0,
 3.560000000E+01, 3.29400E-01, 5.50000E-03,0,
 3.565000000E+01, 2.85600E-01, 4.93100E+00,0,
 3.570000000E+01, 3.29450E-01, 6.00000E-03,0,
 3.575000000E+01, 3.52500E-01, 6.00000E-03,0,
 3.580000000E+01, 4.05450E-01, 6.00000E-03,0,
 3.585000000E+01, 3.99050E-01, 4.93050E+00,0,
 3.590000000E+01, 3.93150E-01, 5.50000E-03,0,
 3.595000000E+01, 3.92600E-01, 6.00000E-03,0,
 3.600000000E+01, 3.58350E-01, 5.50000E-03,0,
 3.605000000E+01, 3.30500E-01, 4.93100E+00,0,
 3.610000000E+01, 1.91000E-01, 5.50000E-03,0,
 3.615000000E+01, 2.80350E-01, 6.00000E-03,0,
 3.620000000E+01, 3.05650E-01, 6.00000E-03,0,
 3.625000000E+01, 3.05150E-01, 4.93050E+00,0,
 3.630000000E+01, 3.32950E-01, 6.00000E-03,0,
 3.635000000E+01, 2.34400E-01, 5.50000E-03,0,
 3.640000000E+01, 1.99350E-01, 4.93050E+00,0,
 3.645000000E+01, 2.37150E-01, 4.93100E+00,0,
 3.650000000E+01, 3.36700E-01, 6.00000E-03,0,
 3.655000000E+01, 3.57300E-01, 5.50000E-03,0,
 3.660000000E+01, 3.88450E-01, 4.93050E+00,0,
 3.665000000E+01, 3.58250E-01, 6.00000E-03,0,
 3.670000000E+01, 3.51650E-01, 5.50000E-03,0,
 3.675000000E+01, 3.16100E-01, 5.50000E-03,0,
 3.680000000E+01, 2.88550E-01, 4.93100E+00,0,
 3.685000000E+01, 2.64150E-01, 6.00000E-03,0,
 3.690000000E+01, 1.61500E-01, 5.50000E-03,0,
 3.695000000E+01, 3.31300E-01, 4.93100E+00,0,
 3.700000000E+01, 3.70000E-01, 4.93100E+00,0,
 3.705000000E+01, 3.77800E-01, 6.00000E-03,0,
 3.710000000E+01, 3.79150E-01, 6.00000E-03,0,
 3.715000000E+01, 3.49900E-01, 4.93100E+00,0,
 3.720000000E+01, 3.60700E-01, 6.00000E-03,0,
 3.725000000E+01, 4.08450E-01, 6.00000E-03,0,
 3.730000000E+01, 4.11150E-01, 6.00000E-03,0,
 3.735000000E+01, 4.48400E-01, 4.93100E+00,0,
 3.740000000E+01, 4.22850E-01, 6.00000E-03,0,
 3.745000000E+01, 4.11250E-01, 6.00000E-03,0,
 3.750000000E+01, 3.87750E-01, 6.00000E-03,0,
 3.755000000E+01, 3.49900E-01, 4.93100E+00,0,
 3.760000000E+01, 2.78550E-01, 5.50000E-03,0,
 3.765000000E+01, 1.91550E-01, 5.50000E-03,0,
 3.770000000E+01, 3.01000E-01, 6.00000E-03,0,
 3.775000000E+01, 3.41650E-01, 4.91200E+00,0,
 3.780000000E+01, 3.48050E-01, 4.93050E+00,0,
 3.785000000E+01, 3.41450E-01, 6.00000E-03,0,
 3.790000000E+01, 3.17900E-01, 6.00000E-03,0,
 3.795000000E+01, 3.09400E-01, 4.93100E+00,0,
 3.800000000E+01, 1.52450E-01, 5.50000E-03,0,
 3.805000000E+01, 1.73050E-01, 5.50000E-03,0,
 3.810000000E+01, 9.82000E-02, 6.00000E-03,0,
 3.815000000E+01, 1.73650E-01, 4.93100E+00,0,
 3.820000000E+01, 2.91950E-01, 6.00000E-03,0,
 3.825000000E+01, 2.50900E-01, 5.50000E-03,0,
 3.830000000E+01, 3.02700E-01, 5.50000E-03,0,
 3.835000000E+01, 2.66650E-01, 4.93050E+00,0,
 3.840000000E+01, 2.79000E-01, 5.50000E-03,0,
 3.845000000E+01, 2.78400E-01, 5.50000E-03,0,
 3.850000000E+01, 2.72100E-01, 6.00000E-03,0,
 3.855000000E+01, 2.40750E-01, 4.93050E+00,0,
 3.860000000E+01, 2.84300E-01, 6.00000E-03,0,
 3.865000000E+01, 2.76000E-01, 6.00000E-03,0,
 3.870000000E+01, 3.14100E-01, 4.93100E+00,0,
 3.875000000E+01, 3.00850E-01, 6.00000E-03,0,
 3.880000000E+01, 3.00500E-01, 6.00000E-03,0,
 3.885000000E+01, 3.20300E-01, 6.00000E-03,0,
 3.890000000E+01, 3.05550E-01, 4.93050E+00,0,
 3.895000000E+01, 3.17350E-01, 6.00000E-03,0,
 3.900000000E+01, 3.08950E-01, 5.50000E-03,0,
 3.905000000E+01, 3.05350E-01, 4.93100E+00,0,
 3.910000000E+01, 3.09750E-01, 5.50000E-03,0,
 3.915000000E+01, 3.21250E-01, 6.00000E-03,0,
 3.920000000E+01, 2.41500E-01, 5.50000E-03,0,
 3.925000000E+01, 2.33250E-01, 4.93100E+00,0,
 3.930000000E+01, 3.32250E-01, 6.00000E-03,0,
 3.935000000E+01, 3.30050E-01, 6.00000E-03,0,
 3.940000000E+01, 3.32850E-01, 4.93100E+00,0,
 3.945000000E+01, 3.12000E-01, 6.00000E-03,0,
 3.950000000E+01, 2.62100E-01, 6.00000E-03,0,
 3.955000000E+01, 2.52700E-01, 4.93100E+00,0,
 3.960000000E+01, 1.97850E-01, 6.00000E-03,0,
 3.965000000E+01, 3.15600E-01, 6.00000E-03,0,
 3.970000000E+01, 2.60000E-01, 6.00000E-03,0,
 3.975000000E+01, 2.95550E-01, 4.93050E+00,0,
 3.980000000E+01, 2.35450E-01, 6.00000E-03,0,
 3.985000000E+01, 3.45750E-01, 5.50000E-03,0,
 3.990000000E+01, 3.61400E-01, 4.93050E+00,0,
 3.995000000E+01, 3.26600E-01, 4.93100E+00,0,
 4.000000000E+01, 2.30100E-01, 6.00000E-03,0,
 4.005000000E+01, 1.66200E-01, 6.00000E-03,0,
 4.010000000E+01, 2.02700E-01, 4.93050E+00,0,
 4.015000000E+01, 1.52100E-01, 6.00000E-03,0,
 4.020000000E+01, 1.05500E-01, 6.00000E-03,0,
 4.025000000E+01, 1.74100E-01, 6.00000E-03,0,
 4.030000000E+01, 6.39500E-02, 4.93050E+00,0,
 4.035000000E+01, 2.68950E-01, 4.93100E+00,0,
 4.040000000E+01, 2.86300E-01, 6.00000E-03,0,
 4.045000000E+01, 2.88850E-01, 5.50000E-03,0,
 4.050000000E+01, 2.46500E-01, 4.93100E+00,0,
 4.055000000E+01, 2.02550E-01, 5.50000E-03,0,
 4.060000000E+01, 1.38350E-01, 5.50000E-03,0,
 4.065000000E+01, 2.43100E-01, 6.00000E-03,0,
 4.070000000E+01, 2.22350E-01, 4.93100E+00,0,
 4.075000000E+01, 2.85450E-01, 4.93050E+00,0,
 4.080000000E+01, 2.74900E-01, 5.50000E-03,0,
 4.085000000E+01,-1.14500E-02, 5.50000E-03,0,
 4.090000000E+01, 1.21250E-01, 4.93050E+00,0,
 4.095000000E+01, 1.83850E-01, 5.50000E-03,0,
 4.100000000E+01,-1.31500E-02, 5.50000E-03,0,
 4.105000000E+01, 2.71500E-01, 5.50000E-03,0,
 4.110000000E+01, 3.41000E-01, 4.93050E+00,0,
 4.115000000E+01, 3.66450E-01, 1.91900E+00,0,
 4.120000000E+01, 3.72050E-01, 6.00000E-03,0,
 4.125000000E+01, 3.60150E-01, 5.50000E-03,0,
 4.130000000E+01, 3.64800E-01, 4.93050E+00,0,
 4.135000000E+01, 3.76400E-01, 6.00000E-03,0,
 4.140000000E+01, 3.44900E-01, 6.00000E-03,0,
 4.145000000E+01, 3.40100E-01, 5.50000E-03,0,
 4.150000000E+01, 2.24150E-01, 4.93050E+00,0,
 4.155000000E+01, 3.46700E-01, 6.00000E-03,0,
 4.160000000E+01, 3.20700E-01, 6.00000E-03,0,
 4.165000000E+01, 2.95650E-01, 6.00000E-03,0,
 4.170000000E+01, 2.32500E-01, 4.93050E+00,0,
 4.175000000E+01, 1.61500E-02, 5.50000E-03,0,
 4.180000000E+01, 1.99350E-01, 5.50000E-03,0,
 4.185000000E+01, 3.32600E-01, 6.00000E-03,0,
 4.190000000E+01, 3.68800E-01, 4.93050E+00,0,
 4.195000000E+01, 3.59300E-01, 5.50000E-03,0,
 4.200000000E+01, 3.48850E-01, 5.50000E-03,0,
 4.205000000E+01, 3.05150E-01, 5.50000E-03,0,
 4.210000000E+01, 2.96850E-01, 4.93100E+00,0,
 4.215000000E+01, 3.08000E-01, 6.00000E-03,0,
 4.220000000E+01, 2.70650E-01, 5.50000E-03,0,
 4.225000000E+01, 2.65000E-01, 6.00000E-03,0,
 4.230000000E+01, 6.09500E-02, 4.93050E+00,0,
 4.235000000E+01, 1.39150E-01, 6.00000E-03,0,
 4.240000000E+01, 2.48250E-01, 6.00000E-03,0,
 4.245000000E+01, 2.70550E-01, 4.93050E+00,0,
 4.250000000E+01, 3.26050E-01, 5.50000E-03,0,
 4.255000000E+01, 3.15100E-01, 5.50000E-03,0,
 4.260000000E+01, 2.67600E-01, 6.00000E-03,0,
 4.265000000E+01, 1.22400E-01, 4.93100E+00,0,
 4.270000000E+01, 2.47400E-01, 5.50000E-03,0,
 4.275000000E+01, 3.02700E-01, 5.50000E-03,0,
 4.280000000E+01, 2.98250E-01, 4.93100E+00,0,
 4.285000000E+01, 2.41200E-01, 6.00000E-03,0,
 4.290000000E+01, 3.21750E-01, 5.50000E-03,0,
 4.295000000E+01, 1.63200E-01, 4.93050E+00,0,
 4.300000000E+01, 2.91700E-01, 4.78650E+00,0,
 4.305000000E+01, 2.36450E-01, 5.50000E-03,0,
 4.310000000E+01, 2.41750E-01, 6.00000E-03,0,
 4.315000000E+01, 2.95250E-01, 4.93100E+00,0,
 4.320000000E+01, 2.26300E-01, 5.50000E-03,0,
 4.325000000E+01, 2.26000E-01, 5.50000E-03,0,
 4.330000000E+01, 2.31950E-01, 4.93050E+00,0,
 4.335000000E+01, 1.07850E-01, 6.00000E-03,0,
 4.340000000E+01, 2.64050E-01, 6.00000E-03,0,
 4.345000000E+01, 3.07750E-01, 6.00000E-03,0,
 4.350000000E+01, 2.95650E-01, 4.93100E+00,0,
 4.355000000E+01, 3.32750E-01, 5.50000E-03,0,
 4.360000000E+01, 2.56950E-01, 5.50000E-03,0,
 4.365000000E+01, 2.80400E-01, 6.00000E-03,0,
 4.370000000E+01, 3.28600E-01, 4.93100E+00,0,
 4.375000000E+01, 3.70150E-01, 5.50000E-03,0,
 4.380000000E+01, 3.56700E-01, 6.00000E-03,0,
 4.385000000E+01, 3.36550E-01, 4.93050E+00,0,
 4.390000000E+01, 3.20850E-01, 6.00000E-03,0,
 4.395000000E+01, 2.95100E-01, 6.00000E-03,0,
 4.400000000E+01, 2.74050E-01, 4.93050E+00,0,
 4.405000000E+01, 3.11850E-01, 5.50000E-03,0,
 4.410000000E+01, 2.84450E-01, 5.50000E-03,0,
 4.415000000E+01, 2.33450E-01, 6.00000E-03,0,
 4.420000000E+01, 1.18550E-01, 6.00000E-03,0,
 4.425000000E+01, 1.15750E-01, 5.50000E-03,0,
 4.430000000E+01, 2.55650E-01, 6.00000E-03,0,
 4.435000000E+01, 2.71450E-01, 4.93050E+00,0,
 4.440000000E+01, 2.28500E-01, 6.00000E-03,0,
 4.445000000E+01, 1.84000E-01, 6.00000E-03,0,
 4.450000000E+01, 8.72500E-02, 4.93050E+00,0,
 4.455000000E+01, 2.09500E-01, 6.00000E-03,0,
 4.460000000E+01, 2.20400E-01, 5.50000E-03,0,
 4.465000000E+01, 2.84200E-01, 5.50000E-03,0,
 4.470000000E+01, 2.87250E-01, 4.93050E+00,0,
 4.475000000E+01, 2.13550E-01, 6.00000E-03,0,
 4.480000000E+01, 1.41350E-01, 5.50000E-03,0,
 4.485000000E+01, 2.59700E-01, 4.93100E+00,0,
 4.490000000E+01, 3.26050E-01, 5.50000E-03,0,
 4.495000000E+01, 3.58900E-01, 5.50000E-03,0,
 4.500000000E+01, 3.09700E-01, 5.50000E-03,0,
 4.505000000E+01, 1.70600E-01, 4.93050E+00,0,
 4.510000000E+01, 8.75500E-02, 5.50000E-03,0,
 4.515000000E+01, 2.30000E-01, 5.50000E-03,0,
 4.520000000E+01, 2.95700E-01, 4.93100E+00,0,
 4.525000000E+01, 3.13800E-01, 6.00000E-03,0,
 4.530000000E+01, 2.99600E-01, 5.50000E-03,0,
 4.535000000E+01, 2.81150E-01, 6.00000E-03,0,
 4.540000000E+01, 2.42850E-01, 4.93050E+00,0,
 4.545000000E+01, 2.29850E-01, 5.50000E-03,0,
 4.550000000E+01, 2.34450E-01, 5.50000E-03,0,
 4.555000000E+01, 2.59950E-01, 4.93050E+00,0,
 4.560000000E+01, 2.67450E-01, 6.00000E-03,0,
 4.565000000E+01, 2.41050E-01, 5.50000E-03,0,
 4.570000000E+01, 1.40600E-01, 6.00000E-03,0,
 4.575000000E+01, 2.06800E-01, 4.93050E+00,0,
 4.580000000E+01, 1.72600E-01, 5.50000E-03,0,
 4.585000000E+01, 1.92250E-01, 6.00000E-03,0,
 4.590000000E+01, 1.20550E-01, 4.93100E+00,0,
 4.595000000E+01, 2.13850E-01, 4.93100E+00,0,
 4.600000000E+01, 3.44500E-01, 5.50000E-03,0,
 4.605000000E+01, 3.71000E-01, 5.50000E-03,0,
 4.610000000E+01, 3.67000E-01, 5.50000E-03,0,
 4.615000000E+01, 4.16250E-01, 4.93050E+00,0,
 4.620000000E+01, 4.15700E-01, 6.00000E-03,0,
 4.625000000E+01, 3.72650E-01, 5.50000E-03,0,
 4.630000000E+01, 3.42150E-01, 5.50000E-03,0,
 4.635000000E+01, 3.65750E-01, 4.93100E+00,0,
 4.640000000E+01, 2.22650E-01, 6.00000E-03,0,
 4.645000000E+01, 4.06850E-01, 5.50000E-03,0,
 4.650000000E+01, 4.04950E-01, 6.00000E-03,0,
 4.655000000E+01, 3.80600E-01, 4.93050E+00,0,
 4.660000000E+01, 3.59650E-01, 5.50000E-03,0,
 4.665000000E+01, 3.34750E-01, 5.50000E-03,0,
 4.670000000E+01, 3.50850E-01, 5.50000E-03,0,
 4.675000000E+01, 3.77550E-01, 4.93100E+00,0,
 4.680000000E+01, 4.07500E-01, 5.50000E-03,0,
 4.685000000E+01, 3.93800E-01, 6.00000E-03,0,
 4.690000000E+01, 3.78800E-01, 6.00000E-03,0,
 4.695000000E+01, 3.29700E-01, 4.93050E+00,0,
 4.700000000E+01, 3.51200E-01, 6.00000E-03,0,
 4.705000000E+01, 3.59500E-01, 6.00000E-03,0,
 4.710000000E+01, 3.85350E-01, 5.50000E-03,0,
 4.715000000E+01, 3.86850E-01, 4.93100E+00,0,
 4.720000000E+01, 3.66000E-01, 6.00000E-03,0,
 4.725000000E+01, 2.96700E-01, 5.50000E-03,0,
 4.730000000E+01, 2.06350E-01, 5.50000E-03,0,
 4.735000000E+01, 1.99150E-01, 4.93050E+00,0,
 4.740000000E+01, 3.14350E-01, 4.93050E+00,0,
 4.745000000E+01, 3.34700E-01, 6.00000E-03,0,
 4.750000000E+01, 3.25200E-01, 5.50000E-03,0,
 4.755000000E+01, 2.85750E-01, 4.93050E+00,0,
 4.760000000E+01, 3.33400E-01, 5.50000E-03,0,
 4.765000000E+01, 3.87000E-01, 5.50000E-03,0,
 4.770000000E+01, 4.33850E-01, 5.50000E-03,0,
 4.775000000E+01, 4.26600E-01, 4.93050E+00,0,
 4.780000000E+01, 4.16100E-01, 5.50000E-03,0,
 4.785000000E+01, 4.07450E-01, 6.00000E-03,0,
 4.790000000E+01, 4.21850E-01, 4.93050E+00,0,
 4.795000000E+01, 4.14500E-01, 5.50000E-03,0,
 4.800000000E+01, 4.30800E-01, 6.00000E-03,0,
 4.805000000E+01, 4.30200E-01, 5.50000E-03,0,
 4.810000000E+01, 3.99700E-01, 4.93050E+00,0,
 4.815000000E+01, 3.58100E-01, 5.50000E-03,0,
 4.820000000E+01, 3.93200E-01, 5.50000E-03,0,
 4.825000000E+01, 2.39750E-01, 4.93100E+00,0,
 4.830000000E+01, 3.45800E-01, 5.50000E-03,0,
 4.835000000E+01, 3.47200E-01, 6.00000E-03,0,
 4.840000000E+01, 3.30100E-01, 2.37550E+00,0,
 4.845000000E+01, 3.76000E-01, 4.93100E+00,0,
 4.850000000E+01, 3.51300E-01, 6.00000E-03,0,
 4.855000000E+01, 4.21800E-01, 5.50000E-03,0,
 4.860000000E+01, 3.09500E-01, 4.93100E+00,0,
 4.865000000E+01, 3.99700E-01, 5.50000E-03,0,
 4.870000000E+01, 4.07250E-01, 5.50000E-03,0,
 4.875000000E+01, 3.48150E-01, 4.93100E+00,0,
 4.880000000E+01, 3.70900E-01, 5.50000E-03,0,
 4.885000000E+01, 4.20050E-01, 6.00000E-03,0,
 4.890000000E+01, 4.01850E-01, 4.93050E+00,0,
 4.895000000E+01, 3.85350E-01, 5.50000E-03,0,
 4.900000000E+01, 3.51200E-01, 6.00000E-03,0,
 4.905000000E+01, 3.82200E-01, 4.93050E+00,0,
 4.910000000E+01, 3.22000E-01, 6.00000E-03,0,
 4.915000000E+01, 2.96900E-01, 6.00000E-03,0,
 4.920000000E+01, 3.19550E-01, 4.93050E+00,0,
 4.925000000E+01, 3.66750E-01, 5.50000E-03,0,
 4.930000000E+01, 3.86700E-01, 6.00000E-03,0,
 4.935000000E+01, 3.69050E-01, 4.93050E+00,0,
 4.940000000E+01, 2.73550E-01, 5.50000E-03,0,
 4.945000000E+01, 3.13800E-01, 5.50000E-03,0,
 4.950000000E+01, 3.36950E-01, 4.93100E+00,0,
 4.955000000E+01, 3.73000E-01, 6.00000E-03,0,
 4.960000000E+01, 3.73150E-01, 5.50000E-03,0,
 4.965000000E+01, 2.90200E-01, 4.93100E+00,0,
 4.970000000E+01, 3.90350E-01, 6.00000E-03,0,
 4.975000000E+01, 3.74750E-01, 6.00000E-03,0,
 4.980000000E+01, 4.06700E-01, 4.93050E+00,0,
 4.985000000E+01, 4.15950E-01, 5.50000E-03,0,
 4.990000000E+01, 3.98950E-01, 6.00000E-03,0,
 4.995000000E+01, 3.67700E-01, 4.93050E+00,0,
 5.000000000E+01, 3.82200E-01, 6.00000E-03,0,
 5.005000000E+01, 3.17450E-01, 5.50000E-03,0,
 5.010000000E+01, 3.73900E-01, 4.93100E+00,0,
 5.015000000E+01, 3.13400E-01, 6.00000E-03,0,
 5.020000000E+01, 3.75250E-01, 5.50000E-03,0,
 5.025000000E+01, 3.41900E-01, 6.00000E-03,0,
 5.030000000E+01, 3.81100E-01, 4.93100E+00,0,
 5.035000000E+01, 3.80050E-01, 6.00000E-03,0,
 5.040000000E+01, 3.95500E-01, 6.00000E-03,0,
 5.045000000E+01, 3.92500E-01, 4.93050E+00,0,
 5.050000000E+01, 4.04600E-01, 5.50000E-03,0,
 5.055000000E+01, 3.60350E-01, 6.00000E-03,0,
 5.060000000E+01, 4.33850E-01, 4.93050E+00,0,
 5.065000000E+01, 4.04600E-01, 1.20500E-01,0,
 5.070000000E+01, 4.63800E-01, 6.00000E-03,0,
 5.075000000E+01, 4.63500E-01, 6.00000E-03,0,
 5.080000000E+01, 4.41800E-01, 4.93050E+00,0,
 5.085000000E+01, 4.41900E-01, 5.50000E-03,0,
 5.090000000E+01, 4.37150E-01, 5.50000E-03,0,
 5.095000000E+01, 4.52800E-01, 4.93050E+00,0,
 5.100000000E+01, 4.58600E-01, 3.07250E+00,0,
 5.105000000E+01, 4.50800E-01, 5.50000E-03,0,
 5.110000000E+01, 4.39900E-01, 5.50000E-03,0,
 5.115000000E+01, 4.25050E-01, 4.93100E+00,0,
 5.120000000E+01, 4.15350E-01, 5.50000E-03,0,
 5.125000000E+01, 4.20850E-01, 5.50000E-03,0,
 5.130000000E+01, 3.75600E-01, 6.00000E-03,0,
 5.135000000E+01, 3.28350E-01, 4.93050E+00,0,
 5.140000000E+01, 2.50250E-01, 6.00000E-03,0,
 5.145000000E+01, 1.45950E-01, 6.00000E-03,0,
 5.150000000E+01, 2.40700E-01, 4.93100E+00,0,
 5.155000000E+01, 3.02200E-01, 4.89600E+00,0,
 5.160000000E+01, 2.91800E-01, 6.00000E-03,0,
 5.165000000E+01, 2.78900E-01, 6.00000E-03,0,
 5.170000000E+01, 2.88950E-01, 4.93050E+00,0,
 5.175000000E+01, 3.41650E-01, 5.50000E-03,0,
 5.180000000E+01, 3.62900E-01, 6.00000E-03,0,
 5.185000000E+01, 3.54050E-01, 5.50000E-03,0,
 5.190000000E+01, 3.17800E-01, 4.93100E+00,0,
 5.195000000E+01, 3.26200E-01, 5.50000E-03,0,
 5.200000000E+01, 3.45900E-01, 6.00000E-03,0,
 5.205000000E+01, 3.80950E-01, 5.50000E-03,0,
 5.210000000E+01, 3.74550E-01, 4.93050E+00,0,
 5.215000000E+01, 3.51400E-01, 6.00000E-03,0,
 5.220000000E+01, 3.79550E-01, 5.50000E-03,0,
 5.225000000E+01, 2.43400E-01, 4.93050E+00,0,
 5.230000000E+01, 3.75900E-01, 6.00000E-03,0,
 5.235000000E+01, 3.80800E-01, 5.50000E-03,0,
 5.240000000E+01, 3.66100E-01, 4.93050E+00,0,
 5.245000000E+01, 3.67100E-01, 4.93050E+00,0,
 5.250000000E+01, 3.56500E-01, 6.00000E-03,0,
 5.255000000E+01, 3.58350E-01, 5.50000E-03,0,
 5.260000000E+01, 3.40950E-01, 4.93100E+00,0,
 5.265000000E+01, 3.56800E-01, 6.00000E-03,0,
 5.270000000E+01, 3.19250E-01, 6.00000E-03,0,
 5.275000000E+01, 3.04900E-01, 4.93050E+00,0,
 5.280000000E+01, 3.55300E-01, 6.00000E-03,0,
 5.285000000E+01, 3.28950E-01, 5.50000E-03,0,
 5.290000000E+01, 3.46050E-01, 2.79600E+00,0,
 5.295000000E+01, 3.09450E-01, 4.93100E+00,0,
 5.300000000E+01, 3.14650E-01, 5.50000E-03,0,
 5.305000000E+01, 3.09150E-01, 6.00000E-03,0,
 5.310000000E+01, 3.16650E-01, 4.93050E+00,0,
 5.315000000E+01, 3.38500E-01, 6.00000E-03,0,
 5.320000000E+01, 3.66250E-01, 6.00000E-03,0,
 5.325000000E+01, 3.76600E-01, 5.50000E-03,0,
 5.330000000E+01, 3.82500E-01, 4.93100E+00,0,
 5.335000000E+01, 4.09800E-01, 5.50000E-03,0,
 5.340000000E+01, 4.18950E-01, 6.00000E-03,0,
 5.345000000E+01, 4.21850E-01, 5.50000E-03,0,
 5.350000000E+01, 4.06550E-01, 4.93050E+00,0,
 5.355000000E+01, 3.97400E-01, 6.00000E-03,0,
 5.360000000E+01, 3.91000E-01, 6.00000E-03,0,
 5.365000000E+01, 3.65550E-01, 4.93100E+00,0,
 5.370000000E+01, 3.28950E-01, 5.50000E-03,0,
 5.375000000E+01, 3.00000E-01, 5.50000E-03,0,
 5.380000000E+01, 3.10200E-01, 6.00000E-03,0,
 5.385000000E+01, 3.23300E-01, 4.93050E+00,0,
 5.390000000E+01, 2.91400E-01, 6.00000E-03,0,
 5.395000000E+01, 2.86500E-01, 5.50000E-03,0,
 5.400000000E+01, 2.19800E-01, 4.93100E+00,0,
 5.405000000E+01, 1.11050E-01, 5.50000E-03,0,
 5.410000000E+01, 1.59100E-01, 5.50000E-03,0,
 5.415000000E+01, 1.74200E-01, 5.50000E-03,0,
 5.420000000E+01, 8.02000E-02, 4.93050E+00,0,
 5.425000000E+01, 2.49800E-01, 5.50000E-03,0,
 5.430000000E+01, 2.96100E-01, 5.50000E-03,0,
 5.435000000E+01, 2.65450E-01, 4.93050E+00,0,
 5.440000000E+01, 2.06550E-01, 5.50000E-03,0,
 5.445000000E+01, 1.66400E-01, 6.00000E-03,0,
 5.450000000E+01, 1.82700E-01, 4.93050E+00,0,
 5.455000000E+01, 2.37450E-01, 5.50000E-03,0,
 5.460000000E+01, 2.50950E-01, 5.50000E-03,0,
 5.465000000E+01, 2.84000E-01, 6.00000E-03,0,
 5.470000000E+01, 2.32900E-01, 5.50000E-03,0,
 5.475000000E+01, 2.11400E-01, 6.00000E-03,0,
 5.480000000E+01, 5.70500E-02, 6.00000E-03,0,
 5.485000000E+01, 1.79500E-01, 4.93050E+00,0,
 5.490000000E+01, 2.38400E-01, 5.50000E-03,0,
 5.495000000E+01, 3.03200E-01, 5.50000E-03,0,
 5.500000000E+01, 3.35300E-01, 4.93050E+00,0,
 5.505000000E+01, 3.28850E-01, 4.93100E+00,0,
 5.510000000E+01, 2.72450E-01, 6.00000E-03,0,
 5.515000000E+01, 1.58200E-01, 5.50000E-03,0,
 5.520000000E+01, 2.12500E-01, 4.93050E+00,0,
 5.525000000E+01, 1.93300E-01, 6.00000E-03,0,
 5.530000000E+01, 6.53000E-02, 5.50000E-03,0,
 5.535000000E+01, 2.24500E-01, 6.00000E-03,0,
 5.540000000E+01, 2.75150E-01, 4.93100E+00,0,
 5.545000000E+01, 3.00050E-01, 6.00000E-03,0,
 5.550000000E+01, 3.09750E-01, 5.50000E-03,0,
 5.555000000E+01, 3.32650E-01, 6.00000E-03,0,
 5.560000000E+01, 3.20800E-01, 4.93050E+00,0,
 5.565000000E+01, 3.06800E-01, 4.93100E+00,0,
 5.570000000E+01, 3.31100E-01, 6.00000E-03,0,
 5.575000000E+01, 3.56250E-01, 6.00000E-03,0,
 5.580000000E+01, 3.49300E-01, 4.93100E+00,0,
 5.585000000E+01, 3.82500E-01, 4.93100E+00,0,
 5.590000000E+01, 3.78450E-01, 5.50000E-03,0,
 5.595000000E+01, 3.87250E-01, 5.50000E-03,0,
 5.600000000E+01, 3.33150E-01, 4.93050E+00,0,
 5.605000000E+01, 3.01300E-01, 4.93050E+00,0,
 5.610000000E+01, 3.11950E-01, 5.50000E-03,0,
 5.615000000E+01, 3.27500E-01, 5.50000E-03,0,
 5.620000000E+01, 3.51550E-01, 4.93050E+00,0,
 5.625000000E+01, 3.59650E-01, 6.00000E-03,0,
 5.630000000E+01, 3.60900E-01, 5.50000E-03,0,
 5.635000000E+01, 3.55450E-01, 5.50000E-03,0,
 5.640000000E+01, 3.16550E-01, 4.93050E+00,0,
 5.645000000E+01, 3.63650E-01, 5.50000E-03,0,
 5.650000000E+01, 3.54750E-01, 5.50000E-03,0,
 5.655000000E+01, 3.47950E-01, 4.93050E+00,0,
 5.660000000E+01, 3.37200E-01, 6.00000E-03,0,
 5.665000000E+01, 2.93450E-01, 6.00000E-03,0,
 5.670000000E+01, 2.56000E-01, 6.00000E-03,0,
 5.675000000E+01, 3.09000E-01, 4.93050E+00,0,
 5.680000000E+01, 3.18350E-01, 5.50000E-03,0,
 5.685000000E+01, 3.58100E-01, 5.50000E-03,0,
 5.690000000E+01, 3.36050E-01, 4.93100E+00,0,
 5.695000000E+01, 3.34450E-01, 5.50000E-03,0,
 5.700000000E+01, 3.26600E-01, 5.50000E-03,0,
 5.705000000E+01, 3.04100E-01, 4.93050E+00,0,
 5.710000000E+01, 3.07750E-01, 5.50000E-03,0,
 5.715000000E+01, 3.75850E-01, 6.00000E-03,0,
 5.720000000E+01, 3.81950E-01, 4.93100E+00,0,
 5.725000000E+01, 3.82200E-01, 6.00000E-03,0,
 5.730000000E+01, 3.60200E-01, 6.00000E-03,0,
 5.735000000E+01, 2.99950E-01, 4.93050E+00,0,
 5.740000000E+01, 2.93900E-01, 6.00000E-03,0,
 5.745000000E+01, 3.07050E-01, 5.50000E-03,0,
 5.750000000E+01, 3.22800E-01, 4.93100E+00,0,
 5.755000000E+01, 3.18450E-01, 5.50000E-03,0,
 5.760000000E+01, 3.36600E-01, 5.50000E-03,0,
 5.765000000E+01, 3.25800E-01, 4.93050E+00,0,
 5.770000000E+01, 2.67000E-01, 5.50000E-03,0,
 5.775000000E+01, 2.39000E-01, 6.00000E-03,0,
 5.780000000E+01, 1.74950E-01, 4.93050E+00,0,
 5.785000000E+01, 1.86950E-01, 6.00000E-03,0,
 5.790000000E+01, 2.81400E-01, 6.00000E-03,0,
 5.795000000E+01, 2.74950E-01, 4.93050E+00,0,
 5.800000000E+01, 2.75350E-01, 6.00000E-03,0,
 5.805000000E+01, 2.77350E-01, 5.50000E-03,0,
 5.810000000E+01, 2.45950E-01, 4.93050E+00,0,
 5.815000000E+01, 2.12400E-01, 5.50000E-03,0,
 5.820000000E+01, 1.61500E-01, 6.00000E-03,0,
 5.825000000E+01, 2.50100E-01, 6.00000E-03,0,
 5.830000000E+01, 3.27700E-01, 4.93050E+00,0,
 5.835000000E+01, 3.27700E-01, 5.50000E-03,0,
 5.840000000E+01, 3.21450E-01, 5.50000E-03,0,
 5.845000000E+01, 3.20950E-01, 4.93100E+00,0,
 5.850000000E+01, 3.01400E-01, 6.00000E-03,0,
 5.855000000E+01, 3.68150E-01, 5.50000E-03,0,
 5.860000000E+01, 3.95300E-01, 5.50000E-03,0,
 5.865000000E+01, 4.29100E-01, 4.93050E+00,0,
 5.870000000E+01, 4.33950E-01, 5.50000E-03,0,
 5.875000000E+01, 4.07150E-01, 5.50000E-03,0,
 5.880000000E+01, 4.31450E-01, 6.00000E-03,0,
 5.885000000E+01, 4.24700E-01, 4.93050E+00,0,
 5.890000000E+01, 4.05900E-01, 6.00000E-03,0,
 5.895000000E+01, 3.98050E-01, 5.50000E-03,0,
 5.900000000E+01, 4.08450E-01, 5.50000E-03,0,
 5.905000000E+01, 4.07850E-01, 4.93050E+00,0,
 5.910000000E+01, 3.96250E-01, 4.93050E+00,0,
 5.915000000E+01, 4.04700E-01, 5.50000E-03,0,
 5.920000000E+01, 3.91500E-01, 5.50000E-03,0,
 5.925000000E+01, 3.79500E-01, 4.93100E+00,0,
 5.930000000E+01, 3.71450E-01, 6.00000E-03,0,
 5.935000000E+01, 3.55600E-01, 5.50000E-03,0,
 5.940000000E+01, 3.34000E-01, 6.00000E-03,0,
 5.945000000E+01, 3.36450E-01, 4.93050E+00,0,
 5.950000000E+01, 3.18700E-01, 5.50000E-03,0,
 5.955000000E+01, 3.24550E-01, 5.50000E-03,0,
 5.960000000E+01, 3.29000E-01, 5.50000E-03,0,
 5.965000000E+01, 3.21600E-01, 4.93100E+00,0,
 5.970000000E+01, 3.16550E-01, 6.00000E-03,0,
 5.975000000E+01, 2.65800E-01, 5.50000E-03,0,
 5.980000000E+01, 1.59900E-01, 6.00000E-03,0,
 5.985000000E+01, 1.75900E-01, 4.93050E+00,0,
 5.990000000E+01, 1.01650E-01, 6.00000E-03,0,
 5.995000000E+01, 7.88000E-02, 6.00000E-03,0,
 6.000000000E+01, 1.73000E-01, 4.93100E+00,0,
 6.005000000E+01, 2.56500E-02, 4.93100E+00,0,
 6.010000000E+01, 6.87000E-02, 5.50000E-03,0,
 6.015000000E+01, 2.05400E-01, 6.00000E-03,0,
 6.020000000E+01, 1.67100E-01, 4.93050E+00,0,
 6.025000000E+01, 2.12450E-01, 5.50000E-03,0,
 6.030000000E+01, 1.99600E-01, 5.50000E-03,0,
 6.035000000E+01, 2.06650E-01, 5.50000E-03,0,
 6.040000000E+01, 1.59750E-01, 4.93100E+00,0,
 6.045000000E+01, 1.21350E-01, 6.00000E-03,0,
 6.050000000E+01, 1.60150E-01, 5.50000E-03,0,
 6.055000000E+01, 2.04200E-01, 6.00000E-03,0,
 6.060000000E+01, 2.25600E-01, 4.93050E+00,0,
 6.065000000E+01, 2.62100E-01, 5.50000E-03,0,
 6.070000000E+01, 3.10050E-01, 5.50000E-03,0,
 6.075000000E+01, 3.12800E-01, 4.93050E+00,0,
 6.080000000E+01, 3.06200E-01, 4.57600E+00,0,
 6.085000000E+01, 2.70500E-01, 5.50000E-03,0,
 6.090000000E+01, 2.79400E-01, 5.50000E-03,0,
 6.095000000E+01, 2.95400E-01, 5.50000E-03,0,
 6.100000000E+01, 2.82200E-01, 4.93050E+00,0,
 6.105000000E+01, 2.13350E-01, 6.00000E-03,0,
 6.110000000E+01, 2.31000E-01, 6.00000E-03,0,
 6.115000000E+01, 3.01950E-01, 6.00000E-03,0,
 6.120000000E+01, 3.47950E-01, 4.93100E+00,0,
 6.125000000E+01, 3.82400E-01, 6.00000E-03,0,
 6.130000000E+01, 3.82750E-01, 6.00000E-03,0,
 6.135000000E+01, 3.73450E-01, 5.50000E-03,0,
 6.140000000E+01, 3.60100E-01, 4.93100E+00,0,
 6.145000000E+01, 3.68900E-01, 5.50000E-03,0,
 6.150000000E+01, 3.96950E-01, 5.50000E-03,0,
 6.155000000E+01, 4.26250E-01, 4.93050E+00,0,
 6.160000000E+01, 4.22950E-01, 5.50000E-03,0,
 6.165000000E+01, 4.11100E-01, 5.50000E-03,0,
 6.170000000E+01, 3.79800E-01, 6.00000E-03,0,
 6.175000000E+01, 3.67900E-01, 4.93050E+00,0,
 6.180000000E+01, 3.48900E-01, 5.50000E-03,0,
 6.185000000E+01, 3.66200E-01, 6.00000E-03,0,
 6.190000000E+01, 3.78300E-01, 4.93100E+00,0,
 6.195000000E+01, 3.32450E-01, 5.50000E-03,0,
 6.200000000E+01, 3.19250E-01, 5.50000E-03,0,
 6.205000000E+01, 3.26650E-01, 6.00000E-03,0,
 6.210000000E+01, 3.39550E-01, 4.93050E+00,0,
 6.215000000E+01, 3.42300E-01, 5.50000E-03,0,
 6.220000000E+01, 3.20400E-01, 5.50000E-03,0,
 6.225000000E+01, 3.05900E-01, 4.93050E+00,0,
 6.230000000E+01, 3.27150E-01, 5.50000E-03,0,
 6.235000000E+01, 3.77200E-01, 5.50000E-03,0,
 6.240000000E+01, 3.92650E-01, 2.03500E+00,0,
 6.245000000E+01, 3.89200E-01, 4.93100E+00,0,
 6.250000000E+01, 3.53400E-01, 6.00000E-03,0,
 6.255000000E+01, 3.18800E-01, 6.00000E-03,0,
 6.260000000E+01, 3.88550E-01, 4.93100E+00,0,
 6.265000000E+01, 3.63450E-01, 6.00000E-03,0,
 6.270000000E+01, 3.89650E-01, 5.50000E-03,0,
 6.275000000E+01, 3.77200E-01, 5.50000E-03,0,
 6.280000000E+01, 3.50750E-01, 4.93050E+00,0,
 6.285000000E+01, 3.73650E-01, 6.00000E-03,0,
 6.290000000E+01, 3.77700E-01, 5.50000E-03,0,
 6.295000000E+01, 3.69750E-01, 4.93100E+00,0,
 6.300000000E+01, 3.39050E-01, 5.50000E-03,0,
 6.305000000E+01, 3.18000E-01, 5.50000E-03,0,
 6.310000000E+01, 3.66050E-01, 4.93100E+00,0,
 6.315000000E+01, 3.65950E-01, 5.50000E-03,0,
 6.320000000E+01, 3.62600E-01, 5.50000E-03,0,
 6.325000000E+01, 3.33400E-01, 5.50000E-03,0,
 6.330000000E+01, 2.81450E-01, 4.93100E+00,0,
 6.335000000E+01, 3.07300E-01, 5.50000E-03,0,
 6.340000000E+01, 2.75500E-01, 6.00000E-03,0,
 6.345000000E+01, 2.94400E-01, 4.93050E+00,0,
 6.350000000E+01, 3.14950E-01, 6.00000E-03,0,
 6.355000000E+01, 1.76350E-01, 5.50000E-03,0,
 6.360000000E+01, 2.12500E-01, 4.93050E+00,0,
 6.365000000E+01, 2.77250E-01, 6.00000E-03,0,
 6.370000000E+01, 2.90550E-01, 6.00000E-03,0,
 6.375000000E+01, 2.58700E-01, 4.93050E+00,0,
 6.380000000E+01, 2.97800E-01, 5.50000E-03,0,
 6.385000000E+01, 3.55150E-01, 5.50000E-03,0,
 6.390000000E+01, 3.36450E-01, 4.93100E+00,0,
 6.395000000E+01, 2.76950E-01, 5.50000E-03,0,
 6.400000000E+01, 3.33000E-01, 5.50000E-03,0,
 6.405000000E+01, 3.27050E-01, 4.93050E+00,0,
 6.410000000E+01, 3.63950E-01, 5.50000E-03,0,
 6.415000000E+01, 3.39550E-01, 6.00000E-03,0,
 6.420000000E+01, 3.03750E-01, 4.93100E+00,0,
 6.425000000E+01, 3.23850E-01, 5.50000E-03,0,
 6.430000000E+01, 3.38650E-01, 6.00000E-03,0,
 6.435000000E+01, 3.82550E-01, 4.93050E+00,0,
 6.440000000E+01, 3.67450E-01, 6.00000E-03,0,
 6.445000000E+01, 3.52700E-01, 5.50000E-03,0,
 6.450000000E+01, 3.48200E-01, 4.93100E+00,0,
 6.455000000E+01, 3.54750E-01, 6.00000E-03,0,
 6.460000000E+01, 3.22800E-01, 6.00000E-03,0,
 6.465000000E+01, 3.10500E-01, 5.50000E-03,0,
 6.470000000E+01, 3.70400E-01, 4.93100E+00,0,
 6.475000000E+01, 3.64950E-01, 6.00000E-03,0,
 6.480000000E+01, 3.72950E-01, 4.93050E+00,0,
 6.485000000E+01, 3.54900E-01, 6.00000E-03,0,
 6.490000000E+01, 3.62350E-01, 6.00000E-03,0,
 6.495000000E+01, 3.78700E-01, 4.93050E+00,0,
 6.500000000E+01, 3.75450E-01, 5.50000E-03,0,
 6.505000000E+01, 3.61100E-01, 5.50000E-03,0,
 6.510000000E+01, 3.51700E-01, 4.93050E+00,0,
 6.515000000E+01, 2.31000E-01, 5.50000E-03,0,
 6.520000000E+01, 3.06600E-01, 5.50000E-03,0,
 6.525000000E+01, 3.16600E-01, 4.93050E+00,0,
 6.530000000E+01, 3.62000E-01, 5.50000E-03,0,
 6.535000000E+01, 3.29050E-01, 5.50000E-03,0,
 6.540000000E+01, 3.23700E-01, 4.93050E+00,0,
 6.545000000E+01, 3.20250E-01, 5.50000E-03,0,
 6.550000000E+01, 2.99400E-01, 6.00000E-03,0,
 6.555000000E+01, 2.67100E-01, 4.93100E+00,0,
 6.560000000E+01, 2.72000E-01, 5.50000E-03,0,
 6.565000000E+01, 2.17450E-01, 5.50000E-03,0,
 6.570000000E+01, 2.39700E-01, 4.93050E+00,0,
 6.575000000E+01, 2.36900E-01, 5.50000E-03,0,
 6.580000000E+01, 2.65150E-01, 6.00000E-03,0,
 6.585000000E+01, 2.68500E-01, 1.68000E-01,0,
 6.590000000E+01, 1.95900E-01, 4.93100E+00,0,
 6.595000000E+01, 2.23450E-01, 6.00000E-03,0,
 6.600000000E+01, 1.99450E-01, 5.50000E-03,0,
 6.605000000E+01, 2.84200E-01, 4.93050E+00,0,
 6.610000000E+01, 2.91950E-01, 6.00000E-03,0,
 6.615000000E+01, 2.98000E-01, 5.50000E-03,0,
 6.620000000E+01, 2.82100E-01, 4.93050E+00,0,
 6.625000000E+01, 2.92450E-01, 5.50000E-03,0,
 6.630000000E+01, 3.16150E-01, 5.50000E-03,0,
 6.635000000E+01, 3.36850E-01, 5.50000E-03,0,
 6.640000000E+01, 3.86050E-01, 4.93050E+00,0,
 6.645000000E+01, 3.78700E-01, 5.50000E-03,0,
 6.650000000E+01, 3.69350E-01, 6.00000E-03,0,
 6.655000000E+01, 3.78500E-01, 4.93050E+00,0,
 6.660000000E+01, 3.61000E-01, 5.50000E-03,0,
 6.665000000E+01, 3.47000E-01, 5.50000E-03,0,
 6.670000000E+01, 3.12500E-01, 4.93100E+00,0,
 6.675000000E+01, 3.08600E-01, 5.50000E-03,0,
 6.680000000E+01, 2.88850E-01, 5.50000E-03,0,
 6.685000000E+01, 3.16300E-01, 3.85000E-02,0,
 6.690000000E+01, 3.62700E-01, 4.93050E+00,0,
 6.695000000E+01, 3.84100E-01, 5.50000E-03,0,
 6.700000000E+01, 3.82550E-01, 6.00000E-03,0,
 6.705000000E+01, 3.78750E-01, 4.93100E+00,0,
 6.710000000E+01, 3.46450E-01, 5.50000E-03,0,
 6.715000000E+01, 3.21850E-01, 5.50000E-03,0,
 6.720000000E+01, 2.65600E-01, 6.00000E-03,0,
 6.725000000E+01, 2.79750E-01, 4.93050E+00,0,
 6.730000000E+01, 2.94450E-01, 5.50000E-03,0,
 6.735000000E+01, 3.17200E-01, 5.50000E-03,0,
 6.740000000E+01, 3.31600E-01, 4.93100E+00,0,
 6.745000000E+01, 3.46100E-01, 5.50000E-03,0,
 6.750000000E+01, 3.24200E-01, 5.50000E-03,0,
 6.755000000E+01, 2.70600E-01, 5.50000E-03,0,
 6.760000000E+01, 3.19000E-01, 4.93050E+00,0,
 6.765000000E+01, 2.97800E-01, 5.50000E-03,0,
 6.770000000E+01, 2.71400E-01, 5.50000E-03,0,
 6.775000000E+01, 2.37300E-01, 6.00000E-03,0,
 6.780000000E+01, 2.74750E-01, 4.93100E+00,0,
 6.785000000E+01, 2.81150E-01, 6.00000E-03,0,
 6.790000000E+01, 2.72200E-01, 5.50000E-03,0,
 6.795000000E+01, 2.90100E-01, 4.93050E+00,0,
 6.800000000E+01, 2.67650E-01, 5.50000E-03,0,
 6.805000000E+01, 3.10300E-01, 5.50000E-03,0,
 6.810000000E+01, 3.54250E-01, 4.93100E+00,0,
 6.815000000E+01, 3.88100E-01, 4.93100E+00,0,
 6.820000000E+01, 3.85900E-01, 6.00000E-03,0,
 6.825000000E+01, 3.89500E-01, 5.50000E-03,0,
 6.830000000E+01, 3.86150E-01, 4.93050E+00,0,
 6.835000000E+01, 2.98750E-01, 5.50000E-03,0,
 6.840000000E+01, 3.64000E-01, 6.00000E-03,0,
 6.845000000E+01, 3.73900E-01, 4.93100E+00,0,
 6.850000000E+01, 3.34250E-01, 5.50000E-03,0,
 6.855000000E+01, 2.97600E-01, 5.50000E-03,0,
 6.860000000E+01, 2.26850E-01, 6.00000E-03,0,
 6.865000000E+01, 7.95500E-02, 4.93100E+00,0,
 6.870000000E+01, 8.77500E-02, 6.00000E-03,0,
 6.875000000E+01, 1.73700E-01, 5.50000E-03,0,
 6.880000000E+01, 2.22300E-01, 4.93100E+00,0,
 6.885000000E+01, 3.07300E-01, 5.50000E-03,0,
 6.890000000E+01, 3.03050E-01, 6.00000E-03,0,
 6.895000000E+01, 3.42100E-01, 5.50000E-03,0,
 6.900000000E+01, 3.52600E-01, 4.93050E+00,0,
 6.905000000E+01, 3.47500E-01, 5.50000E-03,0,
 6.910000000E+01, 3.88950E-01, 6.00000E-03,0,
 6.915000000E+01, 3.71950E-01, 5.50000E-03,0,
 6.920000000E+01, 3.75400E-01, 4.71750E+00,0,
 6.925000000E+01, 3.49750E-01, 6.00000E-03,0,
 6.930000000E+01, 3.17200E-01, 6.00000E-03,0,
 6.935000000E+01, 3.02800E-01, 6.00000E-03,0,
 6.940000000E+01, 2.83000E-01, 4.93050E+00,0,
 6.945000000E+01, 2.97800E-01, 5.50000E-03,0,
 6.950000000E+01, 2.86500E-01, 5.50000E-03,0,
 6.955000000E+01, 2.73100E-01, 4.93100E+00,0,
 6.960000000E+01, 2.83550E-01, 6.00000E-03,0,
 6.965000000E+01, 3.00850E-01, 5.50000E-03,0,
 6.970000000E+01, 2.79200E-01, 5.50000E-03,0,
 6.975000000E+01, 3.00100E-01, 4.93050E+00,0,
 6.980000000E+01, 2.91650E-01, 5.50000E-03,0,
 6.985000000E+01, 2.55650E-01, 6.00000E-03,0,
 6.990000000E+01, 1.71400E-01, 4.93050E+00,0,
 6.995000000E+01, 2.37950E-01, 5.50000E-03,0,
 7.000000000E+01, 2.77300E-01, 5.50000E-03,0,
 7.005000000E+01, 3.09600E-01, 4.93100E+00,0,
 7.010000000E+01, 3.46700E-01, 6.00000E-03,0,
 7.015000000E+01, 4.16450E-01, 6.00000E-03,0,
 7.020000000E+01, 4.02650E-01, 4.93050E+00,0,
 7.025000000E+01, 3.62800E-01, 5.50000E-03,0,
 7.030000000E+01, 4.25250E-01, 6.00000E-03,0,
 7.035000000E+01, 4.07150E-01, 6.00000E-03,0,
 7.040000000E+01, 4.20950E-01, 4.93050E+00,0,
 7.045000000E+01, 4.05350E-01, 6.00000E-03,0,
 7.050000000E+01, 3.90000E-01, 6.00000E-03,0,
 7.055000000E+01, 3.78150E-01, 4.93100E+00,0,
 7.060000000E+01, 3.19200E-01, 5.50000E-03,0,
 7.065000000E+01, 2.69500E-01, 5.50000E-03,0,
 7.070000000E+01, 2.26400E-01, 4.93050E+00,0,
 7.075000000E+01, 1.74350E-01, 5.50000E-03,0,
 7.080000000E+01, 2.27750E-01, 5.50000E-03,0,
 7.085000000E+01, 3.40450E-01, 4.93050E+00,0,
 7.090000000E+01, 3.86250E-01, 6.00000E-03,0,
 7.095000000E+01, 3.89900E-01, 5.50000E-03,0,
 7.100000000E+01, 3.82000E-01, 6.00000E-03,0,
 7.105000000E+01, 3.46000E-01, 4.93100E+00,0,
 7.110000000E+01, 2.92950E-01, 5.50000E-03,0,
 7.115000000E+01, 2.96700E-01, 6.00000E-03,0,
 7.120000000E+01, 2.77600E-01, 4.93050E+00,0,
 7.125000000E+01, 1.53450E-01, 5.50000E-03,0,
 7.130000000E+01, 1.15450E-01, 6.00000E-03,0,
 7.135000000E+01, 2.50500E-01, 4.93050E+00,0,
 7.140000000E+01, 3.00300E-01, 6.00000E-03,0,
 7.145000000E+01, 3.33700E-01, 5.50000E-03,0,
 7.150000000E+01, 3.54350E-01, 4.93050E+00,0,
 7.155000000E+01, 3.37650E-01, 6.00000E-03,0,
 7.160000000E+01, 3.61950E-01, 5.50000E-03,0,
 7.165000000E+01, 3.63350E-01, 4.93050E+00,0,
 7.170000000E+01, 3.58650E-01, 5.50000E-03,0,
 7.175000000E+01, 3.35600E-01, 5.50000E-03,0,
 7.180000000E+01, 2.84100E-01, 5.50000E-03,0,
 7.185000000E+01, 2.27250E-01, 4.93100E+00,0,
 7.190000000E+01, 3.21100E-01, 5.50000E-03,0,
 7.195000000E+01, 3.51550E-01, 5.50000E-03,0,
 7.200000000E+01, 3.44350E-01, 4.93050E+00,0,
 7.205000000E+01, 3.55100E-01, 5.50000E-03,0,
 7.210000000E+01, 3.45750E-01, 5.50000E-03,0,
 7.215000000E+01, 3.61200E-01, 4.93050E+00,0,
 7.220000000E+01, 3.90500E-01, 1.95000E-01,0,
 7.225000000E+01, 3.78600E-01, 5.50000E-03,0,
 7.230000000E+01, 3.81900E-01, 5.50000E-03,0,
 7.235000000E+01, 3.82300E-01, 4.93050E+00,0,
 7.240000000E+01, 3.54400E-01, 5.50000E-03,0,
 7.245000000E+01, 3.88700E-01, 5.50000E-03,0,
 7.250000000E+01, 3.83600E-01, 6.00000E-03,0,
 7.255000000E+01, 3.85150E-01, 4.93050E+00,0,
 7.260000000E+01, 3.91800E-01, 5.50000E-03,0,
 7.265000000E+01, 4.07650E-01, 6.00000E-03,0,
 7.270000000E+01, 4.17900E-01, 4.93100E+00,0,
 7.275000000E+01, 4.13950E-01, 5.50000E-03,0,
 7.280000000E+01, 3.83400E-01, 6.00000E-03,0,
 7.285000000E+01, 3.91050E-01, 4.93100E+00,0,
 7.290000000E+01, 3.79800E-01, 5.50000E-03,0,
 7.295000000E+01, 3.33650E-01, 5.50000E-03,0,
 7.300000000E+01, 3.51600E-01, 5.50000E-03,0,
 7.305000000E+01, 3.61400E-01, 4.93050E+00,0,
 7.310000000E+01, 3.72950E-01, 6.00000E-03,0,
 7.315000000E+01, 3.61500E-01, 5.50000E-03,0,
 7.320000000E+01, 2.18200E-01, 4.93100E+00,0,
 7.325000000E+01, 2.78250E-01, 5.50000E-03,0,
 7.330000000E+01, 3.20100E-01, 5.50000E-03,0,
 7.335000000E+01, 3.73750E-01, 4.93050E+00,0,
 7.340000000E+01, 3.97900E-01, 6.00000E-03,0,
 7.345000000E+01, 3.57500E-01, 5.50000E-03,0,
 7.350000000E+01, 3.40200E-01, 4.93100E+00,0,
 7.355000000E+01, 3.09800E-01, 6.00000E-03,0,
 7.360000000E+01, 3.00050E-01, 5.50000E-03,0,
 7.365000000E+01, 2.98000E-01, 6.00000E-03,0,
 7.370000000E+01, 3.10550E-01, 5.50000E-03,0,
 7.375000000E+01, 2.20700E-01, 5.50000E-03,0,
 7.380000000E+01, 2.06200E-01, 5.50000E-03,0,
 7.385000000E+01, 3.12050E-01, 4.64100E+00,0,
 7.390000000E+01, 3.57350E-01, 5.50000E-03,0,
 7.395000000E+01, 3.78100E-01, 5.50000E-03,0,
 7.400000000E+01, 3.39250E-01, 4.93050E+00,0,
 7.405000000E+01, 2.74950E-01, 5.50000E-03,0,
 7.410000000E+01, 1.89800E-01, 5.50000E-03,0,
 7.415000000E+01, 2.04650E-01, 2.40650E+00,0,
 7.420000000E+01, 2.13450E-01, 6.00000E-03,0,
 7.425000000E+01, 2.55400E-01, 5.50000E-03,0,
 7.430000000E+01, 2.83650E-01, 2.86500E-01,0,
 7.435000000E+01, 3.15400E-01, 6.00000E-03,0,
 7.440000000E+01, 3.01700E-01, 5.50000E-03,0,
 7.445000000E+01, 2.97950E-01, 5.50000E-03,0,
 7.450000000E+01, 3.35250E-01, 6.00000E-03,0,
 7.455000000E+01, 2.27000E-01, 4.93050E+00,0,
 7.460000000E+01, 1.92250E-01, 5.50000E-03,0,
 7.465000000E+01, 1.48100E-01, 5.50000E-03,0,
 7.470000000E+01, 2.54800E-01, 4.93100E+00,0,
 7.475000000E+01, 1.50500E-01, 6.00000E-03,0,
 7.480000000E+01, 2.12850E-01, 6.00000E-03,0,
 7.485000000E+01, 2.82350E-01, 4.93050E+00,0,
 7.490000000E+01, 1.41100E-01, 5.50000E-03,0,
 7.495000000E+01, 3.18700E-01, 5.50000E-03,0,
 7.500000000E+01, 3.34800E-01, 5.50000E-03,0,
 7.505000000E+01, 2.69050E-01, 5.50000E-03,0,
 7.510000000E+01, 2.80200E-01, 5.50000E-03,0,
 7.515000000E+01, 2.17400E-01, 4.93050E+00,0,
 7.520000000E+01, 2.82800E-01, 5.50000E-03,0,
 7.525000000E+01, 2.86500E-01, 5.50000E-03,0,
 7.530000000E+01, 2.74600E-01, 4.93100E+00,0,
 7.535000000E+01, 1.91400E-01, 5.50000E-03,0,
 7.540000000E+01, 2.12700E-01, 6.00000E-03,0,
 7.545000000E+01, 3.19950E-01, 4.93050E+00,0,
 7.550000000E+01, 3.65900E-01, 5.50000E-03,0,
 7.555000000E+01, 2.77450E-01, 5.50000E-03,0,
 7.560000000E+01, 3.99100E-01, 5.50000E-03,0,
 7.565000000E+01, 3.95300E-01, 4.93050E+00,0,
 7.570000000E+01, 3.69100E-01, 6.00000E-03,0,
 7.575000000E+01, 3.57500E-01, 5.50000E-03,0,
 7.580000000E+01, 3.20450E-01, 5.50000E-03,0,
 7.585000000E+01, 3.09300E-01, 4.93050E+00,0,
 7.590000000E+01, 3.37300E-01, 5.50000E-03,0,
 7.595000000E+01, 3.43800E-01, 6.00000E-03,0,
 7.600000000E+01, 2.92000E-01, 4.93050E+00,0,
 7.605000000E+01, 3.82250E-01, 6.00000E-03,0,
 7.610000000E+01, 3.58050E-01, 5.50000E-03,0,
 7.615000000E+01, 3.77600E-01, 4.93050E+00,0,
 7.620000000E+01, 2.81600E-01, 5.50000E-03,0,
 7.625000000E+01, 3.63800E-01, 5.50000E-03,0,
 7.630000000E+01, 3.78300E-01, 5.50000E-03,0,
 7.635000000E+01, 3.92450E-01, 4.93050E+00,0,
 7.640000000E+01, 3.91900E-01, 5.50000E-03,0,
 7.645000000E+01, 3.77500E-01, 5.50000E-03,0,
 7.650000000E+01, 3.14150E-01, 4.93050E+00,0,
 7.655000000E+01, 3.71800E-01, 5.50000E-03,0,
 7.660000000E+01, 3.60500E-01, 6.00000E-03,0,
 7.665000000E+01, 3.51750E-01, 4.93050E+00,0,
 7.670000000E+01, 3.03900E-01, 6.00000E-03,0,
 7.675000000E+01, 2.53100E-01, 6.00000E-03,0,
 7.680000000E+01, 6.54000E-02, 6.00000E-03,0,
 7.685000000E+01, 2.97050E-01, 4.93050E+00,0,
 7.690000000E+01, 3.27600E-01, 6.00000E-03,0,
 7.695000000E+01, 3.51150E-01, 6.00000E-03,0,
 7.700000000E+01, 2.96450E-01, 4.93050E+00,0,
 7.705000000E+01, 2.44450E-01, 6.00000E-03,0,
 7.710000000E+01, 2.89100E-01, 5.50000E-03,0,
 7.715000000E+01, 3.18200E-01, 6.00000E-03,0,
 7.720000000E+01, 3.33000E-01, 4.93100E+00,0,
 7.725000000E+01, 3.04600E-01, 5.50000E-03,0,
 7.730000000E+01, 2.57350E-01, 5.50000E-03,0,
 7.735000000E+01, 1.37400E-01, 4.93100E+00,0,
 7.740000000E+01, 2.21600E-01, 6.00000E-03,0,
 7.745000000E+01, 2.38250E-01, 6.00000E-03,0,
 7.750000000E+01, 2.07550E-01, 5.50000E-03,0,
 7.755000000E+01, 2.10000E-01, 4.93100E+00,0,
 7.760000000E+01, 2.22300E-01, 5.50000E-03,0,
 7.765000000E+01, 3.21100E-01, 5.50000E-03,0,
 7.770000000E+01, 3.29450E-01, 4.93100E+00,0,
 7.775000000E+01, 3.28350E-01, 5.50000E-03,0,
 7.780000000E+01, 2.64550E-01, 6.00000E-03,0,
 7.785000000E+01, 2.41100E-01, 6.00000E-03,0,
 7.790000000E+01, 8.61000E-02, 4.93100E+00,0,
 7.795000000E+01, 1.53350E-01, 5.50000E-03,0,
 7.800000000E+01, 2.41150E-01, 5.50000E-03,0,
 7.805000000E+01, 3.38600E-01, 4.93050E+00,0,
 7.810000000E+01, 1.11650E-01, 6.00000E-03,0,
 7.815000000E+01, 3.66600E-01, 5.50000E-03,0,
 7.820000000E+01, 2.53100E-01, 6.00000E-03,0,
 7.825000000E+01, 4.02250E-01, 4.93100E+00,0,
 7.830000000E+01, 4.08650E-01, 6.00000E-03,0,
 7.835000000E+01, 3.99100E-01, 5.50000E-03,0,
 7.840000000E+01, 4.01500E-01, 4.93100E+00,0,
 7.845000000E+01, 3.71150E-01, 5.50000E-03,0,
 7.850000000E+01, 3.70450E-01, 6.00000E-03,0,
 7.855000000E+01, 3.76550E-01, 5.50000E-03,0,
 7.860000000E+01, 3.77850E-01, 4.93050E+00,0,
 7.865000000E+01, 3.95800E-01, 6.00000E-03,0,
 7.870000000E+01, 4.03600E-01, 6.00000E-03,0,
 7.875000000E+01, 3.96050E-01, 4.93100E+00,0,
 7.880000000E+01, 3.93700E-01, 5.50000E-03,0,
 7.885000000E+01, 3.86000E-01, 6.00000E-03,0,
 7.890000000E+01, 3.87850E-01, 6.00000E-03,0,
 7.895000000E+01, 4.06300E-01, 4.93100E+00,0,
 7.900000000E+01, 4.06000E-01, 5.50000E-03,0,
 7.905000000E+01, 4.02950E-01, 6.00000E-03,0,
 7.910000000E+01, 3.83350E-01, 5.50000E-03,0,
 7.915000000E+01, 2.99450E-01, 4.93050E+00,0,
 7.920000000E+01, 1.60600E-01, 5.50000E-03,0,
 7.925000000E+01, 2.41800E-01, 6.00000E-03,0,
 7.930000000E+01, 3.24950E-01, 4.93100E+00,0,
 7.935000000E+01, 3.56800E-01, 2.35000E-01,0,
 7.940000000E+01, 3.19500E-01, 6.00000E-03,0,
 7.945000000E+01, 2.99150E-01, 6.00000E-03,0,
 7.950000000E+01, 3.02050E-01, 4.93050E+00,0,
 7.955000000E+01, 3.59900E-01, 6.00000E-03,0,
 7.960000000E+01, 3.79300E-01, 5.50000E-03,0,
 7.965000000E+01, 3.75450E-01, 4.93100E+00,0,
 7.970000000E+01, 3.85600E-01, 6.00000E-03,0,
 7.975000000E+01, 3.56850E-01, 5.50000E-03,0,
 7.980000000E+01, 3.37700E-01, 5.50000E-03,0,
 7.985000000E+01, 3.34100E-01, 4.93050E+00,0,
 7.990000000E+01, 3.57850E-01, 5.50000E-03,0,
 7.995000000E+01, 3.70550E-01, 5.50000E-03,0,
 8.000000000E+01, 3.80700E-01, 5.50000E-03,0,
 8.005000000E+01, 3.78700E-01, 4.93100E+00,0,
 8.010000000E+01, 3.51300E-01, 5.50000E-03,0,
 8.015000000E+01, 3.36700E-01, 5.50000E-03,0,
 8.020000000E+01, 3.25450E-01, 4.93100E+00,0,
 8.025000000E+01, 2.52700E-01, 5.50000E-03,0,
 8.030000000E+01, 1.80500E-01, 5.50000E-03,0,
 8.035000000E+01, 2.58550E-01, 6.00000E-03,0,
 8.040000000E+01, 2.35650E-01, 4.93050E+00,0,
 8.045000000E+01, 1.18450E-01, 6.00000E-03,0,
 8.050000000E+01, 2.17050E-01, 5.50000E-03,0,
 8.055000000E+01, 3.19000E-01, 4.93050E+00,0,
 8.060000000E+01, 3.51950E-01, 5.50000E-03,0,
 8.065000000E+01, 3.57700E-01, 6.00000E-03,0,
 8.070000000E+01, 4.01050E-01, 6.00000E-03,0,
 8.075000000E+01, 4.07200E-01, 4.93050E+00,0,
 8.080000000E+01, 3.95800E-01, 5.50000E-03,0,
 8.085000000E+01, 4.36450E-01, 6.00000E-03,0,
 8.090000000E+01, 4.28850E-01, 4.93100E+00,0,
 8.095000000E+01, 4.32100E-01, 5.50000E-03,0,
 8.100000000E+01, 4.41400E-01, 5.50000E-03,0,
 8.105000000E+01, 4.42050E-01, 5.50000E-03,0,
 8.110000000E+01, 4.49300E-01, 4.93100E+00,0,
 8.115000000E+01, 4.39350E-01, 6.00000E-03,0,
 8.120000000E+01, 4.20350E-01, 5.50000E-03,0,
 8.125000000E+01, 3.82300E-01, 2.81550E+00,0,
 8.130000000E+01, 3.39550E-01, 5.50000E-03,0,
 8.135000000E+01, 3.52700E-01, 6.00000E-03,0,
 8.140000000E+01, 3.68400E-01, 6.00000E-03,0,
 8.145000000E+01, 3.67450E-01, 4.93050E+00,0,
 8.150000000E+01, 4.39650E-01, 6.00000E-03,0,
 8.155000000E+01, 3.97300E-01, 6.00000E-03,0,
 8.160000000E+01, 3.88050E-01, 4.93050E+00,0,
 8.165000000E+01, 2.92200E-01, 4.93100E+00,0,
 8.170000000E+01, 2.50500E-01, 6.00000E-03,0,
 8.175000000E+01, 3.02200E-01, 5.50000E-03,0,
 8.180000000E+01, 3.60750E-01, 4.93050E+00,0,
 8.185000000E+01, 3.62450E-01, 6.00000E-03,0,
 8.190000000E+01, 3.63750E-01, 5.50000E-03,0,
 8.195000000E+01, 3.74750E-01, 6.00000E-03,0,
 8.200000000E+01, 4.08250E-01, 4.93100E+00,0,
 8.205000000E+01, 4.14700E-01, 5.50000E-03,0,
 8.210000000E+01, 4.02450E-01, 6.00000E-03,0,
 8.215000000E+01, 4.04250E-01, 5.50000E-03,0,
 8.220000000E+01, 3.93500E-01, 4.93050E+00,0,
 8.225000000E+01, 3.32100E-01, 5.50000E-03,0,
 8.230000000E+01, 3.29650E-01, 6.00000E-03,0,
 8.235000000E+01, 2.66500E-01, 5.50000E-03,0,
 8.240000000E+01, 2.88600E-01, 4.93100E+00,0,
 8.245000000E+01, 3.85550E-01, 6.00000E-03,0,
 8.250000000E+01, 3.91600E-01, 6.00000E-03,0,
 8.255000000E+01, 4.36650E-01, 6.00000E-03,0,
 8.260000000E+01, 3.97150E-01, 4.93100E+00,0,
 8.265000000E+01, 3.93900E-01, 5.50000E-03,0,
 8.270000000E+01, 3.87150E-01, 6.00000E-03,0,
 8.275000000E+01, 3.81200E-01, 4.93050E+00,0,
 8.280000000E+01, 3.84800E-01, 6.00000E-03,0,
 8.285000000E+01, 3.75100E-01, 5.50000E-03,0,
 8.290000000E+01, 3.38700E-01, 5.50000E-03,0,
 8.295000000E+01, 2.95350E-01, 4.93050E+00,0,
 8.300000000E+01, 3.04100E-01, 6.00000E-03,0,
 8.305000000E+01, 3.37400E-01, 6.00000E-03,0,
 8.310000000E+01, 3.75450E-01, 4.93100E+00,0,
 8.315000000E+01, 4.02400E-01, 4.93050E+00,0,
 8.320000000E+01, 3.87850E-01, 5.50000E-03,0,
 8.325000000E+01, 3.64250E-01, 6.00000E-03,0,
 8.330000000E+01, 3.58700E-01, 4.93100E+00,0,
 8.335000000E+01, 3.38700E-01, 6.00000E-03,0,
 8.340000000E+01, 3.53900E-01, 5.50000E-03,0,
 8.345000000E+01, 3.71850E-01, 6.00000E-03,0,
 8.350000000E+01, 3.79050E-01, 4.93050E+00,0,
 8.355000000E+01, 3.61350E-01, 5.50000E-03,0,
 8.360000000E+01, 3.63200E-01, 5.50000E-03,0,
 8.365000000E+01, 3.66900E-01, 5.50000E-03,0,
 8.370000000E+01, 3.60100E-01, 4.93050E+00,0,
 8.375000000E+01, 3.30350E-01, 5.50000E-03,0,
 8.380000000E+01, 3.13150E-01, 6.00000E-03,0,
 8.385000000E+01, 1.92400E-01, 4.93100E+00,0,
 8.390000000E+01, 9.76000E-02, 5.50000E-03,0,
 8.395000000E+01, 2.72850E-01, 6.00000E-03,0,
 8.400000000E+01, 3.33650E-01, 5.50000E-03,0,
 8.405000000E+01, 3.44200E-01, 4.93100E+00,0,
 8.410000000E+01, 3.27800E-01, 5.50000E-03,0,
 8.415000000E+01, 3.35850E-01, 6.00000E-03,0,
 8.420000000E+01, 3.77900E-01, 4.93100E+00,0,
 8.425000000E+01, 4.09000E-01, 6.00000E-03,0,
 8.430000000E+01, 4.39300E-01, 6.00000E-03,0,
 8.435000000E+01, 4.49600E-01, 5.50000E-03,0,
 8.440000000E+01, 4.51950E-01, 4.93050E+00,0,
 8.445000000E+01, 4.68150E-01, 6.00000E-03,0,
 8.450000000E+01, 4.52450E-01, 5.50000E-03,0,
 8.455000000E+01, 4.43050E-01, 4.17050E+00,0,
 8.460000000E+01, 4.45100E-01, 4.93100E+00,0,
 8.465000000E+01, 4.41100E-01, 6.00000E-03,0,
 8.470000000E+01, 4.29250E-01, 5.50000E-03,0,
 8.475000000E+01, 4.23750E-01, 4.03000E+00,0,
 8.480000000E+01, 4.02600E-01, 4.93050E+00,0,
 8.485000000E+01, 3.80000E-01, 6.00000E-03,0,
 8.490000000E+01, 3.53600E-01, 5.50000E-03,0,
 8.495000000E+01, 3.64100E-01, 4.93050E+00,0,
 8.500000000E+01, 3.30750E-01, 6.00000E-03,0,
 8.505000000E+01, 3.83350E-01, 6.00000E-03,0,
 8.510000000E+01, 3.64350E-01, 6.00000E-03,0,
 8.515000000E+01, 2.23650E-01, 4.93050E+00,0,
 8.520000000E+01, 1.93450E-01, 6.00000E-03,0,
 8.525000000E+01, 4.38000E-02, 5.50000E-03,0,
 8.530000000E+01, 2.09050E-01, 5.45000E-02,0,
 8.535000000E+01, 2.52250E-01, 4.93100E+00,0,
 8.540000000E+01, 3.05900E-01, 5.50000E-03,0,
 8.545000000E+01, 3.15050E-01, 5.50000E-03,0,
 8.550000000E+01, 2.58500E-01, 4.93100E+00,0,
 8.555000000E+01, 2.22400E-01, 4.93100E+00,0,
 8.560000000E+01, 1.74300E-01, 5.50000E-03,0,
 8.565000000E+01, 1.84000E-02, 6.00000E-03,0,
 8.570000000E+01, 2.03400E-01, 4.93050E+00,0,
 8.575000000E+01, 2.38800E-01, 5.50000E-03,0,
 8.580000000E+01, 2.83750E-01, 5.50000E-03,0,
 8.585000000E+01, 3.13800E-01, 6.00000E-03,0,
 8.590000000E+01, 3.22900E-01, 4.93050E+00,0,
 8.595000000E+01, 3.90400E-01, 4.93100E+00,0,
 8.600000000E+01, 3.77800E-01, 5.50000E-03,0,
 8.605000000E+01, 3.92100E-01, 5.50000E-03,0,
 8.610000000E+01, 3.56750E-01, 4.93100E+00,0,
 8.615000000E+01, 3.67300E-01, 5.50000E-03,0,
 8.620000000E+01, 3.58300E-01, 5.50000E-03,0,
 8.625000000E+01, 3.69050E-01, 5.50000E-03,0,
 8.630000000E+01, 3.56800E-01, 4.93050E+00,0,
 8.635000000E+01, 3.36500E-01, 6.00000E-03,0,
 8.640000000E+01, 3.58750E-01, 5.50000E-03,0,
 8.645000000E+01, 2.87500E-01, 5.50000E-03,0,
 8.650000000E+01, 3.49900E-01, 4.93100E+00,0,
 8.655000000E+01, 3.81950E-01, 6.00000E-03,0,
 8.660000000E+01, 3.95950E-01, 5.50000E-03,0,
 8.665000000E+01, 4.03600E-01, 6.00000E-03,0,
 8.670000000E+01, 4.18950E-01, 4.93050E+00,0,
 8.675000000E+01, 4.30750E-01, 4.93050E+00,0,
 8.680000000E+01, 4.25100E-01, 5.50000E-03,0,
 8.685000000E+01, 4.35750E-01, 6.00000E-03,0,
 8.690000000E+01, 4.35900E-01, 4.93100E+00,0,
 8.695000000E+01, 4.26950E-01, 5.50000E-03,0,
 8.700000000E+01, 4.20650E-01, 5.50000E-03,0,
 8.705000000E+01, 3.89350E-01, 5.50000E-03,0,
 8.710000000E+01, 3.05700E-01, 4.93050E+00,0,
 8.715000000E+01, 3.10700E-01, 6.00000E-03,0,
 8.720000000E+01, 1.91850E-01, 5.50000E-03,0,
 8.725000000E+01, 3.54950E-01, 5.50000E-03,0,
 8.730000000E+01, 3.98150E-01, 4.93100E+00,0,
 8.735000000E+01, 4.45300E-01, 5.50000E-03,0,
 8.740000000E+01, 4.66350E-01, 5.50000E-03,0,
 8.745000000E+01, 4.67050E-01, 6.00000E-03,0,
 8.750000000E+01, 4.84150E-01, 4.91850E+00,0,
 8.755000000E+01, 4.82900E-01, 4.93050E+00,0,
 8.760000000E+01, 4.79550E-01, 5.50000E-03,0,
 8.765000000E+01, 4.80300E-01, 6.00000E-03,0,
 8.770000000E+01, 4.63100E-01, 6.00000E-03,0,
 8.775000000E+01, 4.71750E-01, 4.93100E+00,0,
 8.780000000E+01, 4.67600E-01, 5.50000E-03,0,
 8.785000000E+01, 4.53300E-01, 5.50000E-03,0,
 8.790000000E+01, 4.63400E-01, 6.00000E-03,0,
 8.795000000E+01, 4.49500E-01, 5.50000E-03,0,
 8.800000000E+01, 4.39500E-01, 4.93050E+00,0,
 8.805000000E+01, 4.35200E-01, 5.50000E-03,0,
 8.810000000E+01, 4.22400E-01, 6.00000E-03,0,
 8.815000000E+01, 4.19050E-01, 5.50000E-03,0,
 8.820000000E+01, 4.02450E-01, 5.50000E-03,0,
 8.825000000E+01, 3.98500E-01, 4.93100E+00,0,
 8.830000000E+01, 3.89900E-01, 5.50000E-03,0,
 8.835000000E+01, 3.84500E-01, 5.50000E-03,0,
 8.840000000E+01, 3.77400E-01, 5.50000E-03,0,
 8.845000000E+01, 3.83850E-01, 5.50000E-03,0,
 8.850000000E+01, 3.91000E-01, 4.93050E+00,0,
 8.855000000E+01, 3.74550E-01, 5.50000E-03,0,
 8.860000000E+01, 4.07100E-01, 6.00000E-03,0,
 8.865000000E+01, 4.03350E-01, 6.00000E-03,0,
 8.870000000E+01, 4.04700E-01, 4.93100E+00,0,
 8.875000000E+01, 3.73600E-01, 4.93100E+00,0,
 8.880000000E+01, 3.43700E-01, 5.50000E-03,0,
 8.885000000E+01, 3.21350E-01, 5.50000E-03,0,
 8.890000000E+01, 3.39600E-01, 5.50000E-03,0,
 8.895000000E+01, 3.64150E-01, 5.50000E-03,0,
 8.900000000E+01, 3.71550E-01, 4.93050E+00,0,
 8.905000000E+01, 3.80250E-01, 5.50000E-03,0,
 8.910000000E+01, 3.84100E-01, 6.00000E-03,0,
 8.915000000E+01, 3.87200E-01, 5.50000E-03,0,
 8.920000000E+01, 3.75500E-01, 4.93050E+00,0,
 8.925000000E+01, 3.89950E-01, 5.50000E-03,0,
 8.930000000E+01, 3.99000E-01, 5.50000E-03,0,
 8.935000000E+01, 4.15100E-01, 6.00000E-03,0,
 8.940000000E+01, 4.12700E-01, 6.00000E-03,0,
 8.945000000E+01, 4.22700E-01, 4.93050E+00,0,
 8.950000000E+01, 4.21600E-01, 6.00000E-03,0,
 8.955000000E+01, 4.10750E-01, 6.00000E-03,0,
 8.960000000E+01, 3.98850E-01, 5.50000E-03,0,
 8.965000000E+01, 3.70650E-01, 4.93100E+00,0,
 8.970000000E+01, 3.39400E-01, 4.93100E+00,0,
 8.975000000E+01, 3.11650E-01, 5.50000E-03,0,
 8.980000000E+01, 2.89150E-01, 6.00000E-03,0,
 8.985000000E+01, 3.08850E-01, 5.50000E-03,0,
 8.990000000E+01, 3.31100E-01, 4.93100E+00,0,
 8.995000000E+01, 3.33200E-01, 4.93100E+00,0,
 9.000000000E+01, 3.62650E-01, 6.00000E-03,0,
 9.005000000E+01, 3.90450E-01, 6.00000E-03,0,
 9.010000000E+01, 4.07650E-01, 5.50000E-03,0,
 9.015000000E+01, 3.87650E-01, 4.93100E+00,0,
 9.020000000E+01, 3.86900E-01, 5.50000E-03,0,
 9.025000000E+01, 3.87700E-01, 6.00000E-03,0,
 9.030000000E+01, 3.96050E-01, 6.00000E-03,0,
 9.035000000E+01, 3.80300E-01, 5.50000E-03,0,
 9.040000000E+01, 4.04750E-01, 4.93100E+00,0,
 9.045000000E+01, 3.97350E-01, 6.00000E-03,0,
 9.050000000E+01, 4.41800E-01, 6.00000E-03,0,
 9.055000000E+01, 4.46750E-01, 5.50000E-03,0,
 9.060000000E+01, 4.38850E-01, 4.93050E+00,0,
 9.065000000E+01, 4.29300E-01, 6.00000E-03,0,
 9.070000000E+01, 4.44100E-01, 5.50000E-03,0,
 9.075000000E+01, 4.33700E-01, 6.00000E-03,0,
 9.080000000E+01, 4.58900E-01, 4.93050E+00,0,
 9.085000000E+01, 4.70750E-01, 6.00000E-03,0,
 9.090000000E+01, 4.85850E-01, 5.50000E-03,0,
 9.095000000E+01, 4.86000E-01, 5.50000E-03,0,
 9.100000000E+01, 4.73100E-01, 4.93050E+00,0,
 9.105000000E+01, 4.81700E-01, 6.00000E-03,0,
 9.110000000E+01, 4.69500E-01, 6.00000E-03,0,
 9.115000000E+01, 4.75900E-01, 5.50000E-03,0,
 9.120000000E+01, 4.72950E-01, 5.50000E-03,0,
 9.125000000E+01, 4.68600E-01, 4.93050E+00,0,
 9.130000000E+01, 4.69800E-01, 5.50000E-03,0,
 9.135000000E+01, 4.71550E-01, 5.50000E-03,0,
 9.140000000E+01, 4.74000E-01, 5.50000E-03,0,
 9.145000000E+01, 4.64350E-01, 4.93100E+00,0,
 9.150000000E+01, 3.82000E-01, 6.00000E-03,0,
 9.155000000E+01, 4.50050E-01, 5.50000E-03,0,
 9.160000000E+01, 4.35600E-01, 5.50000E-03,0,
 9.165000000E+01, 4.06500E-01, 4.93100E+00,0,
 9.170000000E+01, 3.64350E-01, 5.50000E-03,0,
 9.175000000E+01, 2.89900E-01, 6.00000E-03,0,
 9.180000000E+01, 1.85450E-01, 6.00000E-03,0,
 9.185000000E+01, 3.36150E-01, 4.93100E+00,0,
 9.190000000E+01, 3.74600E-01, 6.00000E-03,0,
 9.195000000E+01, 4.10300E-01, 6.00000E-03,0,
 9.200000000E+01, 4.08850E-01, 6.00000E-03,0,
 9.205000000E+01, 4.21900E-01, 4.93050E+00,0,
 9.210000000E+01, 4.21800E-01, 6.00000E-03,0,
 9.215000000E+01, 4.41000E-01, 6.00000E-03,0,
 9.220000000E+01, 4.79250E-01, 5.50000E-03,0,
 9.225000000E+01, 4.86750E-01, 4.93100E+00,0,
 9.230000000E+01, 4.97300E-01, 5.50000E-03,0,
 9.235000000E+01, 5.13100E-01, 5.50000E-03,0,
 9.240000000E+01, 5.12300E-01, 5.50000E-03,0,
 9.245000000E+01, 5.15000E-01, 4.93100E+00,0,
 9.250000000E+01, 5.10700E-01, 4.93050E+00,0,
 9.255000000E+01, 5.01050E-01, 5.50000E-03,0,
 9.260000000E+01, 5.32600E-01, 5.50000E-03,0,
 9.265000000E+01, 4.88000E-01, 6.00000E-03,0,
 9.270000000E+01, 4.75350E-01, 4.93050E+00,0,
 9.275000000E+01, 4.65600E-01, 5.50000E-03,0,
 9.280000000E+01, 4.63800E-01, 5.50000E-03,0,
 9.285000000E+01, 4.44900E-01, 6.00000E-03,0,
 9.290000000E+01, 4.30000E-01, 6.00000E-03,0,
 9.295000000E+01, 4.32100E-01, 4.93050E+00,0,
 9.300000000E+01, 4.43200E-01, 4.93100E+00,0,
 9.305000000E+01, 4.28700E-01, 6.00000E-03,0,
 9.310000000E+01, 4.47800E-01, 5.50000E-03,0,
 9.315000000E+01, 4.60550E-01, 4.93100E+00,0,
 9.320000000E+01, 4.54100E-01, 4.93100E+00,0,
 9.325000000E+01, 4.80600E-01, 6.00000E-03,0,
 9.330000000E+01, 4.74000E-01, 5.50000E-03,0,
 9.335000000E+01, 4.63050E-01, 5.50000E-03,0,
 9.340000000E+01, 4.52300E-01, 4.93050E+00,0,
 9.345000000E+01, 4.25300E-01, 6.00000E-03,0,
 9.350000000E+01, 4.30800E-01, 6.00000E-03,0,
 9.355000000E+01, 4.42400E-01, 5.50000E-03,0,
 9.360000000E+01, 4.35250E-01, 4.93100E+00,0,
 9.365000000E+01, 4.62150E-01, 5.50000E-03,0,
 9.370000000E+01, 4.67200E-01, 6.00000E-03,0,
 9.375000000E+01, 4.45550E-01, 5.50000E-03,0,
 9.380000000E+01, 4.48900E-01, 4.93100E+00,0,
 9.385000000E+01, 4.30350E-01, 1.63000E-01,0,
 9.390000000E+01, 4.00450E-01, 5.50000E-03,0,
 9.395000000E+01, 4.18150E-01, 5.50000E-03,0,
 9.400000000E+01, 3.87050E-01, 4.93100E+00,0,
 9.405000000E+01, 3.64850E-01, 5.50000E-03,0,
 9.410000000E+01, 3.47300E-01, 5.50000E-03,0,
 9.415000000E+01, 3.82800E-01, 5.50000E-03,0,
 9.420000000E+01, 3.70500E-01, 4.93050E+00,0,
 9.425000000E+01, 3.96650E-01, 5.50000E-03,0,
 9.430000000E+01, 4.33850E-01, 6.00000E-03,0,
 9.435000000E+01, 4.30750E-01, 6.00000E-03,0,
 9.440000000E+01, 4.54000E-01, 4.93050E+00,0,
 9.445000000E+01, 4.48250E-01, 5.50000E-03,0,
 9.450000000E+01, 4.01650E-01, 6.00000E-03,0,
 9.455000000E+01, 4.03050E-01, 5.50000E-03,0,
 9.460000000E+01, 3.49200E-01, 4.93050E+00,0,
 9.465000000E+01, 4.23300E-01, 5.50000E-03,0,
 9.470000000E+01, 4.29100E-01, 5.50000E-03,0,
 9.475000000E+01, 4.48700E-01, 4.93100E+00,0,
 9.480000000E+01, 4.45350E-01, 5.50000E-03,0,
 9.485000000E+01, 4.50800E-01, 5.50000E-03,0,
 9.490000000E+01, 4.63400E-01, 5.50000E-03,0,
 9.495000000E+01, 4.66500E-01, 4.93050E+00,0,
 9.500000000E+01, 4.64700E-01, 3.64250E+00,0,
 9.505000000E+01, 4.59100E-01, 5.50000E-03,0,
 9.510000000E+01, 4.40950E-01, 5.50000E-03,0,
 9.515000000E+01, 4.27600E-01, 4.93050E+00,0,
 9.520000000E+01, 4.18950E-01, 4.01550E+00,0,
 9.525000000E+01, 3.89650E-01, 5.50000E-03,0,
 9.530000000E+01, 3.75050E-01, 5.50000E-03,0,
 9.535000000E+01, 3.83550E-01, 6.00000E-03,0,
 9.540000000E+01, 3.48900E-01, 4.93050E+00,0,
 9.545000000E+01, 3.18350E-01, 5.50000E-03,0,
 9.550000000E+01, 3.11650E-01, 5.50000E-03,0,
 9.555000000E+01, 3.53300E-01, 5.50000E-03,0,
 9.560000000E+01, 3.96500E-01, 4.93100E+00,0,
 9.565000000E+01, 4.29600E-01, 6.00000E-03,0,
 9.570000000E+01, 4.55150E-01, 6.00000E-03,0,
 9.575000000E+01, 4.78300E-01, 5.50000E-03,0,
 9.580000000E+01, 4.80050E-01, 4.93050E+00,0,
 9.585000000E+01, 5.04350E-01, 4.93050E+00,0,
 9.590000000E+01, 5.21200E-01, 5.50000E-03,0,
 9.595000000E+01, 5.38500E-01, 5.50000E-03,0,
 9.600000000E+01, 5.39000E-01, 6.00000E-03,0,
 9.605000000E+01, 5.00350E-01, 4.93100E+00,0,
 9.610000000E+01, 4.87700E-01, 5.50000E-03,0,
 9.615000000E+01, 4.72000E-01, 6.00000E-03,0,
 9.620000000E+01, 4.33700E-01, 5.50000E-03,0,
 9.625000000E+01, 4.01850E-01, 4.93050E+00,0,
 9.630000000E+01, 4.06550E-01, 5.50000E-03,0,
 9.635000000E+01, 4.63100E-01, 5.50000E-03,0,
 9.640000000E+01, 4.91950E-01, 5.50000E-03,0,
 9.645000000E+01, 5.21500E-01, 4.93100E+00,0,
 9.650000000E+01, 5.37950E-01, 5.50000E-03,0,
 9.655000000E+01, 5.45250E-01, 6.00000E-03,0,
 9.660000000E+01, 5.45550E-01, 5.50000E-03,0,
 9.665000000E+01, 5.37600E-01, 4.93050E+00,0,
 9.670000000E+01, 5.33450E-01, 5.50000E-03,0,
 9.675000000E+01, 5.37800E-01, 5.50000E-03,0,
 9.680000000E+01, 5.38500E-01, 5.50000E-03,0,
 9.685000000E+01, 5.45250E-01, 4.93100E+00,0,
 9.690000000E+01, 5.53600E-01, 6.00000E-03,0,
 9.695000000E+01, 5.49150E-01, 5.50000E-03,0,
 9.700000000E+01, 5.77650E-01, 6.00000E-03,0,
 9.705000000E+01, 5.94400E-01, 6.00000E-03,0,
 9.710000000E+01, 6.01950E-01, 4.93050E+00,0,
 9.715000000E+01, 6.09100E-01, 5.50000E-03,0,
 9.720000000E+01, 6.11250E-01, 5.50000E-03,0,
 9.725000000E+01, 6.12000E-01, 4.93050E+00,0,
 9.730000000E+01, 6.13300E-01, 4.93100E+00,0,
 9.735000000E+01, 6.11200E-01, 6.00000E-03,0,
 9.740000000E+01, 5.99750E-01, 5.50000E-03,0,
 9.745000000E+01, 5.93900E-01, 5.50000E-03,0,
 9.750000000E+01, 5.93250E-01, 4.93050E+00,0,
 9.755000000E+01, 5.95250E-01, 5.50000E-03,0,
 9.760000000E+01, 5.89500E-01, 5.50000E-03,0,
 9.765000000E+01, 5.83050E-01, 6.00000E-03,0,
 9.770000000E+01, 5.69250E-01, 4.93100E+00,0,
 9.775000000E+01, 5.84800E-01, 5.50000E-03,0,
 9.780000000E+01, 5.45800E-01, 6.00000E-03,0,
 9.785000000E+01, 5.72400E-01, 6.00000E-03,0,
 9.790000000E+01, 5.33150E-01, 4.93100E+00,0,
 9.795000000E+01, 5.06950E-01, 4.93050E+00,0,
 9.800000000E+01, 4.82500E-01, 5.50000E-03,0,
 9.805000000E+01, 4.65550E-01, 5.50000E-03,0,
 9.810000000E+01, 4.81350E-01, 5.50000E-03,0,
 9.815000000E+01, 4.88900E-01, 4.93100E+00,0,
 9.820000000E+01, 4.90800E-01, 6.00000E-03,0,
 9.825000000E+01, 5.03350E-01, 5.50000E-03,0,
 9.830000000E+01, 5.22600E-01, 6.00000E-03,0,
 9.835000000E+01, 5.28600E-01, 6.00000E-03,0,
 9.840000000E+01, 5.17350E-01, 4.93050E+00,0,
 9.845000000E+01, 5.46850E-01, 4.93050E+00,0,
 9.850000000E+01, 5.40200E-01, 5.50000E-03,0,
 9.855000000E+01, 5.27750E-01, 5.50000E-03,0,
 9.860000000E+01, 5.16500E-01, 5.50000E-03,0,
 9.865000000E+01, 5.06850E-01, 5.50000E-03,0,
 9.870000000E+01, 4.94000E-01, 6.00000E-03,0,
 9.875000000E+01, 4.95550E-01, 5.50000E-03,0,
 9.880000000E+01, 4.98600E-01, 4.93100E+00,0,
 9.885000000E+01, 4.95650E-01, 4.93100E+00,0,
 9.890000000E+01, 5.06250E-01, 4.93100E+00,0,
 9.895000000E+01, 5.06600E-01, 5.50000E-03,0,
 9.900000000E+01, 5.31500E-01, 5.50000E-03,0,
 9.905000000E+01, 5.32000E-01, 5.50000E-03,0,
 9.910000000E+01, 5.30850E-01, 6.00000E-03,0,
 9.915000000E+01, 5.21750E-01, 6.00000E-03,0,
 9.920000000E+01, 5.11050E-01, 6.00000E-03,0,
 9.925000000E+01, 5.08700E-01, 5.50000E-03,0,
 9.930000000E+01, 5.08950E-01, 5.50000E-03,0,
 9.935000000E+01, 4.97000E-01, 6.00000E-03,0,
 9.940000000E+01, 4.93750E-01, 5.50000E-03,0,
 9.945000000E+01, 5.28400E-01, 5.50000E-03,0,
 9.950000000E+01, 5.31200E-01, 5.50000E-03,0,
 9.955000000E+01, 5.27050E-01, 5.50000E-03,0,
 9.960000000E+01, 5.23850E-01, 5.50000E-03,0,
 9.965000000E+01, 5.30850E-01, 4.93050E+00,0,
 9.970000000E+01, 5.34250E-01, 4.93050E+00,0,
 9.975000000E+01, 5.44750E-01, 4.93100E+00,0,
 9.980000000E+01, 5.51350E-01, 4.93050E+00,0,
 9.985000000E+01, 5.57700E-01, 4.93050E+00,0,
 9.990000000E+01, 5.58050E-01, 4.93050E+00,0,
 9.995000000E+01, 5.52000E-01, 4.93050E+00,0,
 1.000000000E+02, 5.57850E-01, 4.93050E+00,0,
 1.000500000E+02, 5.61650E-01, 4.93100E+00,0,
 1.001000000E+02, 5.70300E-01, 4.93100E+00,0,
 1.001500000E+02, 5.73900E-01, 4.93050E+00,0,
 1.002000000E+02, 5.76700E-01, 4.93100E+00,0,
 1.002500000E+02, 5.73250E-01, 4.93100E+00,0,
 1.003000000E+02, 5.74250E-01, 4.93100E+00,0,
 1.003500000E+02, 5.40400E-01, 4.93100E+00,0,
 1.004000000E+02, 5.56250E-01, 4.93100E+00,0,
 1.004500000E+02, 5.45800E-01, 4.93100E+00,0,
 1.005000000E+02, 5.33950E-01, 4.93050E+00,0,
 1.005500000E+02, 5.19050E-01, 4.93100E+00,0,
 1.006000000E+02, 5.00200E-01, 4.93100E+00,0,
 1.006500000E+02, 4.94550E-01, 4.93100E+00,0,
 1.007000000E+02, 5.03250E-01, 4.93100E+00,0,
 1.007500000E+02, 5.29400E-01, 4.93100E+00,0,
 1.008000000E+02, 5.42950E-01, 4.93100E+00,0,
 1.008500000E+02, 5.48400E-01, 4.93100E+00,0,
 1.009000000E+02, 5.45150E-01, 4.93100E+00,0,
 1.009500000E+02, 5.34750E-01, 4.93100E+00,0,
 1.010000000E+02, 5.37650E-01, 4.93100E+00,0,
 1.010500000E+02, 5.42000E-01, 4.93100E+00,0,
 1.011000000E+02, 5.45000E-01, 4.93100E+00,0,
 1.011500000E+02, 5.50200E-01, 4.93100E+00,0,
 1.012000000E+02, 5.58150E-01, 4.93100E+00,0,
 1.012500000E+02, 5.56500E-01, 4.93100E+00,0,
 1.013000000E+02, 5.46000E-01, 4.93100E+00,0,
 1.013500000E+02, 5.35350E-01, 4.93100E+00,0,
 1.014000000E+02, 5.41000E-01, 4.93050E+00,0,
 1.014500000E+02, 5.45800E-01, 4.93100E+00,0,
 1.015000000E+02, 5.55400E-01, 4.93100E+00,0,
 1.015500000E+02, 5.64650E-01, 4.93100E+00,0,
 1.016000000E+02, 5.68250E-01, 4.93100E+00,0,
 1.016500000E+02, 5.59550E-01, 4.93100E+00,0,
 1.017000000E+02, 5.44250E-01, 4.93100E+00,0,
 1.017500000E+02, 5.26650E-01, 4.93100E+00,0,
 1.018000000E+02, 5.30950E-01, 4.93100E+00,0,
 1.018500000E+02, 5.50150E-01, 4.93100E+00,0,
 1.019000000E+02, 5.67700E-01, 4.93100E+00,0,
 1.019500000E+02, 5.72100E-01, 4.93100E+00,0,
 1.020000000E+02, 5.77800E-01, 4.93100E+00,0,
 1.020500000E+02, 5.71650E-01, 4.93100E+00,0,
 1.021000000E+02, 5.77850E-01, 4.93100E+00,0,
 1.021500000E+02, 5.78250E-01, 4.93100E+00,0,
 1.022000000E+02, 5.74550E-01, 4.93100E+00,0,
 1.022500000E+02, 5.72100E-01, 4.93100E+00,0,
 1.023000000E+02, 5.61100E-01, 4.93100E+00,0,
 1.023500000E+02, 5.70500E-01, 4.93100E+00,0,
 1.024000000E+02, 5.69800E-01, 4.93100E+00,0,
 1.024500000E+02, 5.73050E-01, 4.93100E+00,0,
 1.025000000E+02, 5.85200E-01, 4.93100E+00,0,
 1.025500000E+02, 5.66600E-01, 4.93100E+00,0,
 1.026000000E+02, 5.63900E-01, 4.93100E+00,0,
 1.026500000E+02, 5.59550E-01, 4.93100E+00,0,
 1.027000000E+02, 5.63050E-01, 4.93100E+00,0,
 1.027500000E+02, 5.58750E-01, 4.93100E+00,0,
 1.028000000E+02, 5.62050E-01, 4.93100E+00,0,
 1.028500000E+02, 5.58200E-01, 4.93100E+00,0,
 1.029000000E+02, 5.53250E-01, 4.93100E+00,0,
 1.029500000E+02, 5.55150E-01, 4.93050E+00,0,
 1.030000000E+02, 5.51800E-01, 4.93100E+00,0,
 1.030500000E+02, 5.44600E-01, 4.93100E+00,0,
 1.031000000E+02, 5.43550E-01, 4.93100E+00,0,
 1.031500000E+02, 5.34350E-01, 4.93100E+00,0,
 1.032000000E+02, 5.33000E-01, 4.93100E+00,0,
 1.032500000E+02, 5.33600E-01, 5.50000E-03,0,
 1.033000000E+02, 5.37700E-01, 5.50000E-03,0,
 1.033500000E+02, 5.39200E-01, 5.50000E-03,0,
 1.034000000E+02, 5.36300E-01, 5.50000E-03,0,
 1.034500000E+02, 5.33350E-01, 5.50000E-03,0,
 1.035000000E+02, 5.35900E-01, 5.50000E-03,0,
 1.035500000E+02, 5.33600E-01, 5.50000E-03,0,
 1.036000000E+02, 5.36100E-01, 5.50000E-03,0,
 1.036500000E+02, 5.38700E-01, 5.50000E-03,0,
 1.037000000E+02, 5.39700E-01, 5.50000E-03,0,
